subindustry,total_companies,first_observed_batch,latest_observed_batch,n_batches_present,peak_batch,peak_count,peak_share_pct,earliest_year,earliest_year_count,earliest_year_share_pct,earliest_batch_share_pct,latest_full_batch,latest_count,latest_share_pct,count_change,count_change_vs_earliest_year_avg,pp_change,rolling3_latest_share_pct,mean_share_full_batches_pct,newly_appearing,peaked_then_declined,early_share_pct,late_share_pct,median_share_pct,cv_share,emergence_class,rank_latest,rank_earliest_year,rank_change
B2B,578,Winter 2021,Fall 2026,17,Winter 2026,46,23.116,2021,63,8.666,5.952,Summer 2026,41,17.447,21,9.5,8.781,19.846,16.734,False,False,8.474,18.21,18.365,0.284,Emerging,1,1,0
B2B -> Infrastructure,219,Winter 2021,Fall 2026,17,Winter 2026,23,11.558,2021,21,2.889,3.869,Summer 2026,25,10.638,12,14.5,7.749,10.476,6.22,False,False,2.958,9.934,5.54,0.397,Emerging,2,10,8
Industrials -> Manufacturing and Robotics,107,Winter 2021,Fall 2026,15,Summer 2026,24,10.213,2021,7,0.963,1.488,Summer 2026,24,10.213,19,20.5,9.25,6.632,3.212,False,False,1.0,8.44,2.314,0.906,Emerging,3,36,33
"B2B -> Engineering, Product and Design",431,Winter 2021,Fall 2026,17,Fall 2024,16,17.021,2021,61,8.391,9.524,Summer 2026,14,5.957,-18,-16.5,-2.434,7.907,12.374,False,True,8.47,7.338,14.502,0.328,Persistent,4,2,-2
Industrials,41,Winter 2021,Summer 2026,12,Summer 2026,14,5.957,2021,1,0.138,0.298,Summer 2026,14,5.957,13,13.5,5.819,3.162,1.168,False,False,0.149,3.235,0.508,1.278,Emerging,4,51,47
Healthcare,92,Winter 2021,Summer 2026,16,Fall 2024,6,6.383,2021,14,1.926,0.893,Summer 2026,12,5.106,9,5.0,3.18,3.394,2.72,False,False,1.853,3.835,2.393,0.507,Low-volume / mixed,6,20,14
Industrials -> Defense,24,Winter 2021,Summer 2026,8,Summer 2026,9,3.83,2021,1,0.138,0.298,Summer 2026,9,3.83,8,8.5,3.692,2.637,0.737,False,False,0.149,3.454,0.149,1.532,Emerging,7,51,44
B2B -> Supply Chain and Logistics,87,Winter 2021,Summer 2026,16,Summer 2025,6,3.614,2021,19,2.613,2.976,Summer 2026,8,3.404,-2,-1.5,0.791,2.15,2.215,False,False,2.639,2.471,2.361,0.44,Low-volume / mixed,8,13,5
B2B -> Security,81,Winter 2021,Summer 2026,16,Spring 2025,8,5.594,2021,13,1.788,1.19,Summer 2026,7,2.979,3,0.5,1.191,2.511,2.212,False,False,1.746,2.259,2.035,0.503,Low-volume / mixed,9,22,13
B2B -> Finance and Accounting,103,Winter 2021,Summer 2026,16,Winter 2023,13,4.745,2021,28,3.851,3.869,Summer 2026,6,2.553,-7,-8.0,-1.298,2.031,2.692,False,False,3.853,1.789,2.762,0.402,Declining,10,3,-7
B2B -> Operations,111,Winter 2021,Winter 2027,17,Winter 2021,19,5.655,2021,22,3.026,5.655,Summer 2026,6,2.553,-13,-5.0,-0.473,3.224,2.958,False,True,3.211,3.328,2.646,0.442,Low-volume / mixed,10,9,-1
Consumer,145,Winter 2021,Fall 2026,17,Fall 2024,7,7.447,2021,25,3.439,2.083,Summer 2026,6,2.553,-1,-6.5,-0.886,2.55,4.081,False,True,3.344,3.071,3.679,0.413,Low-volume / mixed,10,6,-4
Fintech,149,Winter 2021,Summer 2026,16,Summer 2022,23,9.829,2021,26,3.576,1.488,Summer 2026,6,2.553,1,-7.0,-1.023,2.704,3.57,False,True,3.429,2.046,2.486,0.758,Spiky,10,5,-5
Fintech -> Insurance,51,Winter 2021,Fall 2026,16,Spring 2026,5,2.564,2021,7,0.963,1.488,Summer 2026,5,2.128,0,1.5,1.165,1.899,1.34,False,False,1.0,2.346,1.246,0.476,Low-volume / mixed,14,36,22
B2B -> Analytics,80,Winter 2021,Summer 2026,15,Summer 2025,6,3.614,2021,17,2.338,1.488,Summer 2026,5,2.128,0,-3.5,-0.21,1.554,1.995,False,False,2.279,1.577,1.952,0.508,Low-volume / mixed,14,17,3
B2B -> Productivity,116,Winter 2021,Fall 2026,17,Summer 2023,10,4.545,2021,21,2.889,3.571,Summer 2026,4,1.702,-8,-6.5,-1.187,2.94,3.172,False,True,2.937,2.902,3.103,0.31,Persistent,16,10,-6
Fintech -> Asset Management,35,Winter 2021,Summer 2026,9,Spring 2026,5,2.564,2021,10,1.376,1.19,Summer 2026,3,1.277,-1,-2.0,-0.099,1.28,0.768,False,False,1.362,1.921,0.831,1.012,Spiky,17,28,11
Healthcare -> Drug Discovery and Delivery,34,Summer 2021,Summer 2026,11,Winter 2023,7,2.555,2021,9,1.238,0.0,Summer 2026,3,1.277,3,-1.5,0.039,1.267,0.825,True,True,1.151,0.895,0.599,0.993,Spiky,17,31,14
Industrials -> Energy,33,Winter 2021,Fall 2026,15,Winter 2026,6,3.015,2021,8,1.1,1.488,Summer 2026,3,1.277,-2,-1.0,0.177,1.773,0.847,False,True,1.127,1.151,0.733,0.816,Spiky,17,32,15
Real Estate and Construction -> Construction,32,Winter 2021,Summer 2026,14,Fall 2024,3,3.191,2021,6,0.825,0.595,Summer 2026,3,1.277,1,0.0,0.452,0.935,0.955,False,False,0.809,1.151,0.93,0.746,Spiky,17,39,22
Real Estate and Construction -> Housing and Real Estate,30,Winter 2021,Summer 2026,11,Fall 2025,3,2.055,2021,8,1.1,1.19,Summer 2026,3,1.277,-1,-1.0,0.177,0.426,0.712,False,False,1.107,0.638,0.528,0.923,Spiky,17,32,15
Industrials -> Aviation and Space,48,Winter 2021,Fall 2026,16,Fall 2024,3,3.191,2021,11,1.513,1.786,Summer 2026,3,1.277,-3,-2.5,-0.236,1.438,1.346,False,False,1.532,1.151,1.278,0.566,Low-volume / mixed,17,26,9
B2B -> Sales,91,Winter 2021,Summer 2026,16,Summer 2023,11,5.0,2021,13,1.788,1.488,Summer 2026,2,0.851,-3,-4.5,-0.937,0.961,2.562,False,True,1.767,0.939,2.393,0.525,Low-volume / mixed,23,22,-1
Consumer -> Content,41,Winter 2021,Summer 2026,14,Winter 2024,7,2.823,2021,7,0.963,1.19,Summer 2026,2,0.851,-2,-1.5,-0.112,0.455,1.04,False,True,0.978,0.682,0.958,0.716,Low-volume / mixed,23,36,13
Consumer -> Gaming,21,Winter 2021,Summer 2026,11,Summer 2022,4,1.709,2021,3,0.413,0.298,Summer 2026,2,0.851,1,0.5,0.438,1.128,0.587,False,False,0.405,0.939,0.439,0.954,Low-volume / mixed,23,43,20
Healthcare -> Healthcare Services,33,Winter 2021,Summer 2026,13,Spring 2026,4,2.051,2021,6,0.825,0.893,Summer 2026,2,0.851,-1,-1.0,0.026,1.302,0.807,False,False,0.83,1.451,0.748,0.77,Low-volume / mixed,23,39,16
Healthcare -> Consumer Health and Wellness,56,Winter 2021,Summer 2026,15,Summer 2021,16,4.092,2021,24,3.301,2.381,Summer 2026,2,0.851,-6,-10.0,-2.45,0.793,1.302,False,True,3.236,0.939,1.137,0.75,Declining,23,8,-15
Government,23,Winter 2021,Fall 2026,14,Winter 2025,4,2.41,2021,2,0.275,0.298,Summer 2026,2,0.851,1,1.0,0.576,0.455,0.712,False,False,0.277,0.682,0.458,0.937,Spiky,23,48,25
Industrials -> Climate,32,Winter 2021,Summer 2026,9,Winter 2022,10,2.513,2021,8,1.1,0.893,Summer 2026,2,0.851,-1,-2.0,-0.249,0.451,0.684,False,True,1.086,0.425,0.479,1.162,Spiky,23,32,9
Fintech -> Banking and Exchange,31,Winter 2021,Summer 2026,12,Winter 2021,8,2.381,2021,13,1.788,2.381,Summer 2026,1,0.426,-7,-5.5,-1.362,0.648,0.736,False,True,1.83,0.47,0.621,0.87,Spiky,30,22,-8
Healthcare -> Healthcare IT,83,Winter 2021,Summer 2026,16,Summer 2023,9,4.091,2021,16,2.201,3.869,Summer 2026,1,0.426,-12,-7.0,-1.775,0.983,2.283,False,True,2.318,0.47,2.3,0.485,Low-volume / mixed,30,18,-12
Healthcare -> Therapeutics,34,Winter 2021,Summer 2026,11,Winter 2024,6,2.419,2021,12,1.651,1.786,Summer 2026,1,0.426,-5,-5.0,-1.225,0.313,0.784,False,True,1.66,0.47,0.557,0.995,Spiky,30,25,-5
Industrials -> Agriculture,10,Summer 2021,Summer 2026,7,Winter 2025,2,1.205,2021,2,0.275,0.0,Summer 2026,1,0.426,1,0.0,0.151,0.31,0.276,True,False,0.256,0.213,0.0,1.342,Low-volume / mixed,30,48,18
Education,59,Winter 2021,Summer 2026,13,Winter 2021,13,3.869,2021,28,3.851,3.869,Summer 2026,1,0.426,-12,-13.0,-3.425,0.142,1.376,False,True,3.853,0.213,1.15,0.9,Declining,30,3,-27
B2B -> Recruiting and Talent,26,Winter 2021,Summer 2026,11,Winter 2025,5,3.012,2021,8,1.1,1.786,Summer 2026,1,0.426,-5,-3.0,-0.674,0.822,0.719,False,True,1.149,0.982,0.503,1.107,Spiky,30,32,2
B2B -> Legal,47,Winter 2021,Fall 2026,17,Winter 2026,6,3.015,2021,4,0.55,0.595,Summer 2026,1,0.426,-1,-1.0,-0.124,1.489,1.438,False,True,0.553,0.726,1.208,0.594,Low-volume / mixed,30,41,11
B2B -> Retail,41,Winter 2021,Summer 2026,14,Winter 2021,9,2.679,2021,14,1.926,2.679,Summer 2026,1,0.426,-8,-6.0,-1.5,0.313,1.007,False,True,1.979,0.47,0.875,0.757,Spiky,30,20,-10
Consumer -> Job and Career Services,7,Winter 2021,Summer 2026,5,Winter 2021,3,0.893,2021,3,0.413,0.893,Summer 2026,1,0.426,-2,-0.5,0.013,0.313,0.166,False,False,0.447,0.47,0.0,1.607,Low-volume / mixed,30,43,13
B2B -> Marketing,80,Winter 2021,Summer 2026,16,Fall 2025,7,4.795,2021,20,2.751,2.381,Summer 2026,1,0.426,-7,-9.0,-2.325,1.677,2.077,False,True,2.725,2.264,1.821,0.605,Low-volume / mixed,30,12,-18
Fintech -> Consumer Finance,45,Winter 2021,Summer 2026,15,Winter 2021,7,2.083,2021,15,2.063,2.083,Summer 2026,1,0.426,-6,-6.5,-1.637,0.99,1.121,False,True,2.064,0.982,1.135,0.542,Low-volume / mixed,30,19,-11
B2B -> Human Resources,41,Winter 2021,Fall 2026,12,Summer 2021,14,3.581,2021,18,2.476,1.19,Summer 2026,0,0.0,-4,-9.0,-2.476,0.0,0.816,False,True,2.385,0.0,0.528,1.177,Declining,41,15,-26
B2B -> Office Management,3,Summer 2021,Summer 2024,3,Summer 2024,1,0.403,2021,1,0.138,0.0,Summer 2026,0,0.0,0,-0.5,-0.138,0.0,0.064,False,False,0.128,0.0,0.0,2.124,Low-volume / mixed,41,51,10
Consumer -> Transportation Services,3,Winter 2021,Summer 2024,3,Summer 2022,1,0.427,2021,1,0.138,0.298,Summer 2026,0,0.0,-1,-0.5,-0.138,0.0,0.071,False,False,0.149,0.0,0.0,2.11,Low-volume / mixed,41,51,10
Consumer -> Social,11,Winter 2021,Fall 2025,7,Fall 2024,1,1.064,2021,3,0.413,0.595,Summer 2026,0,0.0,-2,-1.5,-0.413,0.0,0.298,False,False,0.425,0.0,0.0,1.241,Low-volume / mixed,41,43,2
Consumer -> Home and Personal,13,Winter 2021,Winter 2023,4,Winter 2021,7,2.083,2021,10,1.376,2.083,Summer 2026,0,0.0,-7,-5.0,-1.376,0.0,0.239,False,True,1.425,0.0,0.0,2.241,Spiky,41,28,-13
Consumer -> Food and Beverage,32,Winter 2021,Fall 2026,7,Winter 2021,9,2.679,2021,19,2.613,2.679,Summer 2026,0,0.0,-9,-9.5,-2.613,0.0,0.591,False,True,2.619,0.0,0.0,1.619,Declining,41,13,-28
Consumer -> Consumer Electronics,15,Winter 2021,Fall 2026,10,Fall 2024,1,1.064,2021,1,0.138,0.298,Summer 2026,0,0.0,-1,-0.5,-0.138,0.677,0.418,False,False,0.149,0.513,0.4,0.985,Low-volume / mixed,41,51,10
Consumer -> Apparel and Cosmetics,9,Winter 2021,Winter 2025,6,Winter 2021,3,0.893,2021,4,0.55,0.893,Summer 2026,0,0.0,-3,-2.0,-0.55,0.0,0.201,False,False,0.575,0.0,0.0,1.522,Low-volume / mixed,41,41,0
Consumer -> Virtual and Augmented Reality,3,Winter 2021,Winter 2025,3,Winter 2025,1,0.602,2021,1,0.138,0.298,Summer 2026,0,0.0,-1,-0.5,-0.138,0.0,0.072,False,False,0.149,0.0,0.0,2.283,Low-volume / mixed,41,51,10
Fintech -> Credit and Lending,41,Winter 2021,Spring 2026,12,Winter 2021,11,3.274,2021,18,2.476,3.274,Summer 2026,0,0.0,-11,-9.0,-2.476,0.506,0.839,False,True,2.532,0.257,0.484,1.127,Declining,41,15,-26
Healthcare -> Diagnostics,20,Winter 2021,Spring 2026,9,Summer 2021,7,1.79,2021,10,1.376,0.893,Summer 2026,0,0.0,-3,-5.0,-1.376,0.171,0.404,False,True,1.341,0.257,0.384,1.191,Low-volume / mixed,41,28,-13
Fintech -> Payments,73,Winter 2021,Spring 2026,13,Winter 2022,16,4.02,2021,25,3.439,3.274,Summer 2026,0,0.0,-11,-12.5,-3.439,0.848,1.585,False,True,3.428,0.769,1.284,0.84,Declining,41,6,-35
"Consumer -> Travel, Leisure and Tourism",8,Summer 2021,Fall 2026,7,Fall 2024,1,1.064,2021,1,0.138,0.0,Summer 2026,0,0.0,0,-0.5,-0.138,0.0,0.205,True,False,0.128,0.0,0.0,1.604,Low-volume / mixed,41,51,10
Healthcare -> Industrial Bio,10,Winter 2021,Spring 2026,7,Summer 2024,2,0.806,2021,3,0.413,0.595,Summer 2026,0,0.0,-2,-1.5,-0.413,0.171,0.227,False,False,0.425,0.257,0.0,1.23,Low-volume / mixed,41,43,2
Industrials -> Automotive,7,Winter 2021,Summer 2025,5,Fall 2024,1,1.064,2021,3,0.413,0.595,Summer 2026,0,0.0,-2,-1.5,-0.413,0.0,0.189,False,False,0.425,0.0,0.0,1.674,Low-volume / mixed,41,43,2
Healthcare -> Medical Devices,22,Winter 2021,Spring 2026,7,Summer 2021,8,2.046,2021,11,1.513,0.893,Summer 2026,0,0.0,-3,-5.5,-1.513,0.171,0.419,False,True,1.47,0.257,0.0,1.449,Spiky,41,26,-15
Industrials -> Drones,10,Summer 2021,Fall 2026,7,Winter 2026,2,1.005,2021,2,0.275,0.0,Summer 2026,0,0.0,0,-1.0,-0.275,0.506,0.231,True,False,0.256,0.257,0.0,1.438,Low-volume / mixed,41,48,7
Real Estate and Construction,21,Winter 2022,Spring 2026,9,Summer 2025,3,1.807,2021,0,0.0,0.0,Summer 2026,0,0.0,0,0.0,0.0,0.677,0.602,True,False,0.0,0.513,0.768,0.958,Low-volume / mixed,41,58,17
