tag,rank_earliest_year,rank_latest,rank_change,earliest_year_share_pct,latest_share_pct,pp_change,earliest_year_count,latest_count,latest_full_batch,major_mover
Artificial Intelligence,4,1,3,11.967,37.021,25.054,87,87,Summer 2026,True
AI,6,2,4,9.078,31.489,22.411,66,74,Summer 2026,True
B2B,2,3,-1,24.759,22.553,-2.206,180,53,Summer 2026,False
Robotics,35,4,31,1.651,11.915,10.264,12,28,Summer 2026,True
Hard Tech,19,5,14,2.751,10.638,7.887,20,25,Summer 2026,True
SaaS,1,6,-5,29.436,10.213,-19.223,214,24,Summer 2026,True
Developer Tools,5,7,-2,9.216,9.787,0.571,67,23,Summer 2026,False
Hardware,35,8,27,1.651,8.511,6.86,12,20,Summer 2026,True
Infrastructure,42,9,33,1.376,8.085,6.709,10,19,Summer 2026,True
Manufacturing,65,10,55,0.825,6.809,5.984,6,16,Summer 2026,True
Enterprise Software,51,11,40,1.1,5.957,4.857,8,14,Summer 2026,True
Fintech,3,11,-8,19.12,5.957,-13.163,139,14,Summer 2026,True
Reinforcement Learning,231,11,220,0.0,5.957,5.957,0,14,Summer 2026,True
Machine Learning,12,14,-2,4.127,5.106,0.979,30,12,Summer 2026,False
Workflow Automation,75,15,60,0.688,4.681,3.993,5,11,Summer 2026,True
Finance,51,15,36,1.1,4.681,3.581,8,11,Summer 2026,True
Automation,75,15,60,0.688,4.681,3.993,5,11,Summer 2026,True
Healthcare,14,15,-1,3.439,4.681,1.242,25,11,Summer 2026,False
Generative AI,23,19,4,2.613,4.255,1.642,19,10,Summer 2026,False
Biotech,19,20,-1,2.751,3.83,1.079,20,9,Summer 2026,False
Industrial,185,20,165,0.138,3.83,3.692,1,9,Summer 2026,True
Energy,58,20,38,0.963,3.83,2.867,7,9,Summer 2026,True
Data Engineering,27,23,4,2.063,3.404,1.341,15,8,Summer 2026,False
Supply Chain,42,23,19,1.376,3.404,2.028,10,8,Summer 2026,True
Investing,65,23,42,0.825,3.404,2.579,6,8,Summer 2026,True
Construction,46,23,23,1.238,3.404,2.166,9,8,Summer 2026,True
Defense,97,23,74,0.55,3.404,2.854,4,8,Summer 2026,True
Open Source,16,23,-7,2.889,3.404,0.515,21,8,Summer 2026,True
Logistics,32,29,3,1.788,2.979,1.191,13,7,Summer 2026,False
Semiconductors,231,29,202,0.0,2.979,2.979,0,7,Summer 2026,True
Insurance,51,31,20,1.1,2.553,1.453,8,6,Summer 2026,True
AIOps,75,31,44,0.688,2.553,1.865,5,6,Summer 2026,True
Security,35,31,4,1.651,2.553,0.902,12,6,Summer 2026,False
Enterprise,51,31,20,1.1,2.553,1.453,8,6,Summer 2026,True
Cybersecurity,97,31,66,0.55,2.553,2.003,4,6,Summer 2026,True
Consumer,13,31,-18,3.576,2.553,-1.023,26,6,Summer 2026,True
Marketplace,7,31,-24,7.29,2.553,-4.737,53,6,Summer 2026,True
AI Assistant,30,38,-8,1.926,2.128,0.202,14,5,Summer 2026,True
Aerospace,75,38,37,0.688,2.128,1.44,5,5,Summer 2026,True
Drones,143,38,105,0.275,2.128,1.853,2,5,Summer 2026,True
Deep Learning,75,38,37,0.688,2.128,1.44,5,5,Summer 2026,True
Health Tech,25,38,-13,2.338,2.128,-0.21,17,5,Summer 2026,True
Robotic Process Automation,75,43,32,0.688,1.702,1.014,5,4,Summer 2026,True
Sales,35,43,-8,1.651,1.702,0.051,12,4,Summer 2026,True
Real Estate,65,43,22,0.825,1.702,0.877,6,4,Summer 2026,True
Cloud Computing,111,43,68,0.413,1.702,1.289,3,4,Summer 2026,True
Health & Wellness,35,43,-8,1.651,1.702,0.051,12,4,Summer 2026,True
Data Labeling,185,43,142,0.138,1.702,1.564,1,4,Summer 2026,True
Trading,111,43,68,0.413,1.702,1.289,3,4,Summer 2026,True
Gaming,58,43,15,0.963,1.702,0.739,7,4,Summer 2026,True
GovTech,65,43,22,0.825,1.702,0.877,6,4,Summer 2026,True
Computer Vision,46,43,3,1.238,1.702,0.464,9,4,Summer 2026,False
Productivity,19,53,-34,2.751,1.277,-1.474,20,3,Summer 2026,True
Market Research,111,53,58,0.413,1.277,0.864,3,3,Summer 2026,True
Personalization,231,53,178,0.0,1.277,1.277,0,3,Summer 2026,True
Home Services,185,53,132,0.138,1.277,1.139,1,3,Summer 2026,True
LegalTech,65,53,12,0.825,1.277,0.452,6,3,Summer 2026,True
Crypto / Web3,26,53,-27,2.201,1.277,-0.924,16,3,Summer 2026,True
Data Science,185,53,132,0.138,1.277,1.139,1,3,Summer 2026,True
Big Data,111,53,58,0.413,1.277,0.864,3,3,Summer 2026,True
Swarm Robotics,231,53,178,0.0,1.277,1.277,0,3,Summer 2026,True
Analytics,16,53,-37,2.889,1.277,-1.612,21,3,Summer 2026,True
API,27,53,-26,2.063,1.277,-0.786,15,3,Summer 2026,True
AI-Enhanced Learning,58,64,-6,0.963,0.851,-0.112,7,2,Summer 2026,True
AI-powered Drug Discovery,51,64,-13,1.1,0.851,-0.249,8,2,Summer 2026,True
Agriculture,143,64,79,0.275,0.851,0.576,2,2,Summer 2026,True
Advanced Materials,231,64,167,0.0,0.851,0.851,0,2,Summer 2026,True
Space Exploration,65,64,1,0.825,0.851,0.026,6,2,Summer 2026,False
Stocks,143,64,79,0.275,0.851,0.576,2,2,Summer 2026,True
Sustainability,111,64,47,0.413,0.851,0.438,3,2,Summer 2026,True
Synthetic Biology,97,64,33,0.55,0.851,0.301,4,2,Summer 2026,True
Entertainment,111,64,47,0.413,0.851,0.438,3,2,Summer 2026,True
Creator Economy,75,64,11,0.688,0.851,0.163,5,2,Summer 2026,True
Consumer Finance,75,64,11,0.688,0.851,0.163,5,2,Summer 2026,True
Consumer Health Services,9,64,-55,4.677,0.851,-3.826,34,2,Summer 2026,True
Conversational AI,111,64,47,0.413,0.851,0.438,3,2,Summer 2026,True
Education,10,64,-54,4.402,0.851,-3.551,32,2,Summer 2026,True
E-commerce,8,64,-56,6.052,0.851,-5.201,44,2,Summer 2026,True
Digital Health,16,64,-48,2.889,0.851,-2.038,21,2,Summer 2026,True
DevOps,111,64,47,0.413,0.851,0.438,3,2,Summer 2026,True
Design,143,64,79,0.275,0.851,0.576,2,2,Summer 2026,True
Procurement,111,64,47,0.413,0.851,0.438,3,2,Summer 2026,True
ClimateTech,75,64,11,0.688,0.851,0.163,5,2,Summer 2026,True
Sales Enablement,75,64,11,0.688,0.851,0.163,5,2,Summer 2026,True
Restaurant Tech,143,64,79,0.275,0.851,0.576,2,2,Summer 2026,True
Renewable Energy,143,64,79,0.275,0.851,0.576,2,2,Summer 2026,True
Recruiting,32,64,-32,1.788,0.851,-0.937,13,2,Summer 2026,True
Biotechnology,143,64,79,0.275,0.851,0.576,2,2,Summer 2026,True
Oncology,143,64,79,0.275,0.851,0.576,2,2,Summer 2026,True
Monitoring,185,64,121,0.138,0.851,0.713,1,2,Summer 2026,True
Marketing,51,64,-13,1.1,0.851,-0.249,8,2,Summer 2026,True
Legal,143,64,79,0.275,0.851,0.576,2,2,Summer 2026,True
ML,143,64,79,0.275,0.851,0.576,2,2,Summer 2026,True
Healthcare IT,75,64,11,0.688,0.851,0.163,5,2,Summer 2026,True
Health Insurance,97,64,33,0.55,0.851,0.301,4,2,Summer 2026,True
Time Series,231,96,135,0.0,0.426,0.426,0,1,Summer 2026,True
Exascale Computing,231,96,135,0.0,0.426,0.426,0,1,Summer 2026,True
Telehealth,58,96,-38,0.963,0.426,-0.537,7,1,Summer 2026,True
Therapeutics,58,96,-38,0.963,0.426,-0.537,7,1,Summer 2026,True
Consumer Products,143,96,47,0.275,0.426,0.151,2,1,Summer 2026,True
Edge Computing Semiconductors,231,96,135,0.0,0.426,0.426,0,1,Summer 2026,True
Telecommunications,75,96,-21,0.688,0.426,-0.262,5,1,Summer 2026,True
Self-Driving Vehicles,185,96,89,0.138,0.426,0.288,1,1,Summer 2026,True
Genomics,111,96,15,0.413,0.426,0.013,3,1,Summer 2026,True
Digital Freight Brokerage,231,96,135,0.0,0.426,0.426,0,1,Summer 2026,True
Customer Success,97,96,1,0.55,0.426,-0.124,4,1,Summer 2026,False
Customer Support,143,96,47,0.275,0.426,0.151,2,1,Summer 2026,True
Geographic Information System,143,96,47,0.275,0.426,0.151,2,1,Summer 2026,True
Design Tools,46,96,-50,1.238,0.426,-0.812,9,1,Summer 2026,True
Customer Service,143,96,47,0.275,0.426,0.151,2,1,Summer 2026,True
Databases,143,96,47,0.275,0.426,0.151,2,1,Summer 2026,True
eLearning,19,96,-77,2.751,0.426,-2.325,20,1,Summer 2026,True
Satellites,75,96,-21,0.688,0.426,-0.262,5,1,Summer 2026,True
HR Tech,35,96,-61,1.651,0.426,-1.225,12,1,Summer 2026,True
Mental Health,143,96,47,0.275,0.426,0.151,2,1,Summer 2026,True
Operations,75,96,-21,0.688,0.426,-0.262,5,1,Summer 2026,True
Housing,111,96,15,0.413,0.426,0.013,3,1,Summer 2026,True
Neurotechnology,111,96,15,0.413,0.426,0.013,3,1,Summer 2026,True
Careers,231,96,135,0.0,0.426,0.426,0,1,Summer 2026,True
Regtech,143,96,47,0.275,0.426,0.151,2,1,Summer 2026,True
eSports,231,96,135,0.0,0.426,0.426,0,1,Summer 2026,True
SMB,185,96,89,0.138,0.426,0.288,1,1,Summer 2026,True
Retail,97,96,1,0.55,0.426,-0.124,4,1,Summer 2026,False
Climate,10,96,-86,4.402,0.426,-3.976,32,1,Summer 2026,True
Compliance,65,96,-31,0.825,0.426,-0.399,6,1,Summer 2026,True
Privacy,111,96,15,0.413,0.426,0.013,3,1,Summer 2026,True
Radar,231,96,135,0.0,0.426,0.426,0,1,Summer 2026,True
Medical Devices,30,96,-66,1.926,0.426,-1.5,14,1,Summer 2026,True
Location-based,231,96,135,0.0,0.426,0.426,0,1,Summer 2026,True
Electronics,231,96,135,0.0,0.426,0.426,0,1,Summer 2026,True
Drug discovery,75,96,-21,0.688,0.426,-0.262,5,1,Summer 2026,True
AR,185,96,89,0.138,0.426,0.288,1,1,Summer 2026,True
APIs,111,96,15,0.413,0.426,0.013,3,1,Summer 2026,True
Airlines,231,96,135,0.0,0.426,0.426,0,1,Summer 2026,True
Alternative Fuels,231,96,135,0.0,0.426,0.426,0,1,Summer 2026,True
Architecture,231,96,135,0.0,0.426,0.426,0,1,Summer 2026,True
Skincare,231,96,135,0.0,0.426,0.426,0,1,Summer 2026,True
Travel,75,96,-21,0.688,0.426,-0.262,5,1,Summer 2026,True
Unmanned Vehicle,231,96,135,0.0,0.426,0.426,0,1,Summer 2026,True
Video,51,96,-45,1.1,0.426,-0.674,8,1,Summer 2026,True
Vaccines,231,96,135,0.0,0.426,0.426,0,1,Summer 2026,True
Warehouse Management Tech,97,96,1,0.55,0.426,-0.124,4,1,Summer 2026,False
Virtual Reality,143,96,47,0.275,0.426,0.151,2,1,Summer 2026,True
Smart Waste Management,231,96,135,0.0,0.426,0.426,0,1,Summer 2026,True
Automotive,231,96,135,0.0,0.426,0.426,0,1,Summer 2026,True
Telemedicine,42,146,-104,1.376,0.0,-1.376,10,0,Summer 2026,True
Sustainable Tourism,231,146,85,0.0,0.0,0.0,0,0,Summer 2026,True
Sports Tech,143,146,-3,0.275,0.0,-0.275,2,0,Summer 2026,False
Speech Recognition,185,146,39,0.138,0.0,-0.138,1,0,Summer 2026,True
Subscriptions,32,146,-114,1.788,0.0,-1.788,13,0,Summer 2026,True
Sustainable Fashion,143,146,-3,0.275,0.0,-0.275,2,0,Summer 2026,False
Solar Power,143,146,-3,0.275,0.0,-0.275,2,0,Summer 2026,False
Scheduling,143,146,-3,0.275,0.0,-0.275,2,0,Summer 2026,False
Talent Acquisition,185,146,39,0.138,0.0,-0.138,1,0,Summer 2026,True
Team Collaboration,185,146,39,0.138,0.0,-0.138,1,0,Summer 2026,True
Smart Home Assistants,231,146,85,0.0,0.0,0.0,0,0,Summer 2026,True
Social,111,146,-35,0.413,0.0,-0.413,3,0,Summer 2026,True
Social Media,111,146,-35,0.413,0.0,-0.413,3,0,Summer 2026,True
Social Network,143,146,-3,0.275,0.0,-0.275,2,0,Summer 2026,False
Autonomous Trucking,143,146,-3,0.275,0.0,-0.275,2,0,Summer 2026,False
Autonomous Shipping,231,146,85,0.0,0.0,0.0,0,0,Summer 2026,True
Autonomous Delivery,143,146,-3,0.275,0.0,-0.275,2,0,Summer 2026,False
Banking as a Service,111,146,-35,0.413,0.0,-0.413,3,0,Summer 2026,True
Search,185,146,39,0.138,0.0,-0.138,1,0,Summer 2026,True
Assistive Tech,185,146,39,0.138,0.0,-0.138,1,0,Summer 2026,True
Augmented Reality,143,146,-3,0.275,0.0,-0.275,2,0,Summer 2026,False
Auto Commerce,185,146,39,0.138,0.0,-0.138,1,0,Summer 2026,True
Email,111,146,-35,0.413,0.0,-0.413,3,0,Summer 2026,True
Electric Vehicles,75,146,-71,0.688,0.0,-0.688,5,0,Summer 2026,True
Beauty,111,146,-35,0.413,0.0,-0.413,3,0,Summer 2026,True
Sleep Tech,111,146,-35,0.413,0.0,-0.413,3,0,Summer 2026,True
Anti-Aging,111,146,-35,0.413,0.0,-0.413,3,0,Summer 2026,True
Airplanes,143,146,-3,0.275,0.0,-0.275,2,0,Summer 2026,False
Advertising,143,146,-3,0.275,0.0,-0.275,2,0,Summer 2026,False
Art Trading Platforms,185,146,39,0.138,0.0,-0.138,1,0,Summer 2026,True
Ghost Kitchens,65,146,-81,0.825,0.0,-0.825,6,0,Summer 2026,True
Genetic Engineering,231,146,85,0.0,0.0,0.0,0,0,Summer 2026,True
Gardening,185,146,39,0.138,0.0,-0.138,1,0,Summer 2026,True
Gene Therapy,185,146,39,0.138,0.0,-0.138,1,0,Summer 2026,True
Fusion Energy,231,146,85,0.0,0.0,0.0,0,0,Summer 2026,True
Fundraising,231,146,85,0.0,0.0,0.0,0,0,Summer 2026,True
Fraud Detection,185,146,39,0.138,0.0,-0.138,1,0,Summer 2026,True
Fraud Prevention,231,146,85,0.0,0.0,0.0,0,0,Summer 2026,True
Food & Beverage,111,146,-35,0.413,0.0,-0.413,3,0,Summer 2026,True
Food Service Robots & Machines,111,146,-35,0.413,0.0,-0.413,3,0,Summer 2026,True
Food Tech,58,146,-88,0.963,0.0,-0.963,7,0,Summer 2026,True
Dating,185,146,39,0.138,0.0,-0.138,1,0,Summer 2026,True
DeFi,111,146,-35,0.413,0.0,-0.413,3,0,Summer 2026,True
Deepfake Detection,231,146,85,0.0,0.0,0.0,0,0,Summer 2026,True
Delivery,35,146,-111,1.651,0.0,-1.651,12,0,Summer 2026,True
Dental,231,146,85,0.0,0.0,0.0,0,0,Summer 2026,True
Crowdsourcing,231,146,85,0.0,0.0,0.0,0,0,Summer 2026,True
Cryptocurrency,185,146,39,0.138,0.0,-0.138,1,0,Summer 2026,True
Cryptography,231,146,85,0.0,0.0,0.0,0,0,Summer 2026,True
Culture,185,146,39,0.138,0.0,-0.138,1,0,Summer 2026,True
DAO,231,146,85,0.0,0.0,0.0,0,0,Summer 2026,True
Data Visualization,111,146,-35,0.413,0.0,-0.413,3,0,Summer 2026,True
Cultured Meat,143,146,-3,0.275,0.0,-0.275,2,0,Summer 2026,False
Energy Storage,143,146,-3,0.275,0.0,-0.275,2,0,Summer 2026,False
FinOps,46,146,-100,1.238,0.0,-1.238,9,0,Summer 2026,True
Femtech,185,146,39,0.138,0.0,-0.138,1,0,Summer 2026,True
Feedback,185,146,39,0.138,0.0,-0.138,1,0,Summer 2026,True
Fashion,231,146,85,0.0,0.0,0.0,0,0,Summer 2026,True
Emerging Markets,185,146,39,0.138,0.0,-0.138,1,0,Summer 2026,True
Food,111,146,-35,0.413,0.0,-0.413,3,0,Summer 2026,True
Fitness,75,146,-71,0.688,0.0,-0.688,5,0,Summer 2026,True
Conversational Banking,231,146,85,0.0,0.0,0.0,0,0,Summer 2026,True
Drug Delivery,231,146,85,0.0,0.0,0.0,0,0,Summer 2026,True
Documents,97,146,-49,0.55,0.0,-0.55,4,0,Summer 2026,True
DevSecOps,111,146,-35,0.413,0.0,-0.413,3,0,Summer 2026,True
Diagnostics,75,146,-71,0.688,0.0,-0.688,5,0,Summer 2026,True
Edtech,97,146,-49,0.55,0.0,-0.55,4,0,Summer 2026,True
E-Commerce,143,146,-3,0.275,0.0,-0.275,2,0,Summer 2026,False
Mental Health Tech,42,146,-104,1.376,0.0,-1.376,10,0,Summer 2026,True
Medical Robotics,185,146,39,0.138,0.0,-0.138,1,0,Summer 2026,True
Media,111,146,-35,0.413,0.0,-0.413,3,0,Summer 2026,True
Maritime,143,146,-3,0.275,0.0,-0.275,2,0,Summer 2026,False
Livestock Health,231,146,85,0.0,0.0,0.0,0,0,Summer 2026,True
Live,185,146,39,0.138,0.0,-0.138,1,0,Summer 2026,True
Kubernetes,185,146,39,0.138,0.0,-0.138,1,0,Summer 2026,True
Metaverse,231,146,85,0.0,0.0,0.0,0,0,Summer 2026,True
Immigration,231,146,85,0.0,0.0,0.0,0,0,Summer 2026,True
Hydrogen Energy,231,146,85,0.0,0.0,0.0,0,0,Summer 2026,True
Investments,185,146,39,0.138,0.0,-0.138,1,0,Summer 2026,True
International,185,146,39,0.138,0.0,-0.138,1,0,Summer 2026,True
Industrial Workplace Safety,185,146,39,0.138,0.0,-0.138,1,0,Summer 2026,True
India,111,146,-35,0.413,0.0,-0.413,3,0,Summer 2026,True
Income Share Agreements,143,146,-3,0.275,0.0,-0.275,2,0,Summer 2026,False
IoT,97,146,-49,0.55,0.0,-0.55,4,0,Summer 2026,True
Kids,143,146,-3,0.275,0.0,-0.275,2,0,Summer 2026,False
IoT Security,231,146,85,0.0,0.0,0.0,0,0,Summer 2026,True
Lidar,231,146,85,0.0,0.0,0.0,0,0,Summer 2026,True
Lending,65,146,-81,0.825,0.0,-0.825,6,0,Summer 2026,True
Latin America,97,146,-49,0.55,0.0,-0.55,4,0,Summer 2026,True
Identity,111,146,-35,0.413,0.0,-0.413,3,0,Summer 2026,True
GraphQL,231,146,85,0.0,0.0,0.0,0,0,Summer 2026,True
Grocery,46,146,-100,1.238,0.0,-1.238,9,0,Summer 2026,True
Home Automation,231,146,85,0.0,0.0,0.0,0,0,Summer 2026,True
Human Resources,97,146,-49,0.55,0.0,-0.55,4,0,Summer 2026,True
Biometrics,185,146,39,0.138,0.0,-0.138,1,0,Summer 2026,True
Billing,185,146,39,0.138,0.0,-0.138,1,0,Summer 2026,True
Podcasts,185,146,39,0.138,0.0,-0.138,1,0,Summer 2026,True
Pediatrics,231,146,85,0.0,0.0,0.0,0,0,Summer 2026,True
Payroll,143,146,-3,0.275,0.0,-0.275,2,0,Summer 2026,False
Payments,15,146,-131,3.164,0.0,-3.164,23,0,Summer 2026,True
Nonprofit,143,146,-3,0.275,0.0,-0.275,2,0,Summer 2026,False
Note-taking,185,146,39,0.138,0.0,-0.138,1,0,Summer 2026,True
Networks,231,146,85,0.0,0.0,0.0,0,0,Summer 2026,True
Neobank,58,146,-88,0.963,0.0,-0.963,7,0,Summer 2026,True
No-code,65,146,-81,0.825,0.0,-0.825,6,0,Summer 2026,True
Next-gen Network Security,231,146,85,0.0,0.0,0.0,0,0,Summer 2026,True
Navigation,231,146,85,0.0,0.0,0.0,0,0,Summer 2026,True
Nanomedicine,185,146,39,0.138,0.0,-0.138,1,0,Summer 2026,True
Nanosensors,231,146,85,0.0,0.0,0.0,0,0,Summer 2026,True
Nanotechnology,231,146,85,0.0,0.0,0.0,0,0,Summer 2026,True
Messaging,143,146,-3,0.275,0.0,-0.275,2,0,Summer 2026,False
Microinsurance,185,146,39,0.138,0.0,-0.138,1,0,Summer 2026,True
Microfluidics,185,146,39,0.138,0.0,-0.138,1,0,Summer 2026,True
NLP,111,146,-35,0.413,0.0,-0.413,3,0,Summer 2026,True
NFT,231,146,85,0.0,0.0,0.0,0,0,Summer 2026,True
Music,185,146,39,0.138,0.0,-0.138,1,0,Summer 2026,True
Mobility,143,146,-3,0.275,0.0,-0.275,2,0,Summer 2026,False
Mining,231,146,85,0.0,0.0,0.0,0,0,Summer 2026,True
Call Center,231,146,85,0.0,0.0,0.0,0,0,Summer 2026,True
Carbon Capture and Removal,75,146,-71,0.688,0.0,-0.688,5,0,Summer 2026,True
Booking,231,146,85,0.0,0.0,0.0,0,0,Summer 2026,True
Bioplastic,231,146,85,0.0,0.0,0.0,0,0,Summer 2026,True
CRISPR,231,146,85,0.0,0.0,0.0,0,0,Summer 2026,True
CRM,185,146,39,0.138,0.0,-0.138,1,0,Summer 2026,True
Calendar,185,146,39,0.138,0.0,-0.138,1,0,Summer 2026,True
COVID-19,231,146,85,0.0,0.0,0.0,0,0,Summer 2026,True
Recommendation System,231,146,85,0.0,0.0,0.0,0,0,Summer 2026,True
Quantum Computing,231,146,85,0.0,0.0,0.0,0,0,Summer 2026,True
Proptech,27,146,-119,2.063,0.0,-2.063,15,0,Summer 2026,True
Primary Care,111,146,-35,0.413,0.0,-0.413,3,0,Summer 2026,True
Cloud Workload Protection,143,146,-3,0.275,0.0,-0.275,2,0,Summer 2026,False
Collaboration,75,146,-71,0.688,0.0,-0.688,5,0,Summer 2026,True
Commercial Space Launch,185,146,39,0.138,0.0,-0.138,1,0,Summer 2026,True
Community,23,146,-123,2.613,0.0,-2.613,19,0,Summer 2026,True
Civic Tech,231,146,85,0.0,0.0,0.0,0,0,Summer 2026,True
Clean Meat,231,146,85,0.0,0.0,0.0,0,0,Summer 2026,True
Cashierless Checkout,231,146,85,0.0,0.0,0.0,0,0,Summer 2026,True
Cell Therapy,231,146,85,0.0,0.0,0.0,0,0,Summer 2026,True
Cellular Agriculture,231,146,85,0.0,0.0,0.0,0,0,Summer 2026,True
Chat,185,146,39,0.138,0.0,-0.138,1,0,Summer 2026,True
Chatbot,143,146,-3,0.275,0.0,-0.275,2,0,Summer 2026,False
Chatbots,231,146,85,0.0,0.0,0.0,0,0,Summer 2026,True
SMS,231,146,85,0.0,0.0,0.0,0,0,Summer 2026,True
SEO,185,146,39,0.138,0.0,-0.138,1,0,Summer 2026,True
Rocketry,231,146,85,0.0,0.0,0.0,0,0,Summer 2026,True
Robotic Surgery,231,146,85,0.0,0.0,0.0,0,0,Summer 2026,True
Reviews,231,146,85,0.0,0.0,0.0,0,0,Summer 2026,True
Ridesharing,185,146,39,0.138,0.0,-0.138,1,0,Summer 2026,True
Retail Tech,185,146,39,0.138,0.0,-0.138,1,0,Summer 2026,True
Remote Work,75,146,-71,0.688,0.0,-0.688,5,0,Summer 2026,True
Remittances,231,146,85,0.0,0.0,0.0,0,0,Summer 2026,True
Remote,143,146,-3,0.275,0.0,-0.275,2,0,Summer 2026,False
Trust & Safety,231,146,85,0.0,0.0,0.0,0,0,Summer 2026,True
Transportation,143,146,-3,0.275,0.0,-0.275,2,0,Summer 2026,False
Web Development,97,146,-49,0.55,0.0,-0.55,4,0,Summer 2026,True
Weather,185,146,39,0.138,0.0,-0.138,1,0,Summer 2026,True
3D Printing,231,146,85,0.0,0.0,0.0,0,0,Summer 2026,True
Women's Health,97,146,-49,0.55,0.0,-0.55,4,0,Summer 2026,True
