period,tag_a,tag_b,count_a,count_b,cooccurrence,period_companies,jaccard,lift,expected
2021-2022,B2B,SaaS,371,388,206,1359,0.3725,1.945,105.92
2021-2022,B2B,Fintech,371,284,84,1359,0.1471,1.083,77.53
2021-2022,Fintech,SaaS,284,388,71,1359,0.1181,0.876,81.08
2021-2022,AI,B2B,168,371,61,1359,0.1276,1.33,45.86
2021-2022,Artificial Intelligence,B2B,185,371,55,1359,0.1098,1.089,50.5
2021-2022,Artificial Intelligence,SaaS,185,388,52,1359,0.0998,0.985,52.82
2021-2022,Developer Tools,SaaS,125,388,51,1359,0.1104,1.429,35.69
2021-2022,AI,SaaS,168,388,50,1359,0.0988,1.042,47.96
2021-2022,Fintech,Payments,284,56,46,1359,0.1565,3.931,11.7
2021-2022,B2B,Developer Tools,371,125,41,1359,0.0901,1.201,34.12
2021-2022,AI,Artificial Intelligence,168,185,32,1359,0.0997,1.399,22.87
2021-2022,Developer Tools,Open Source,125,45,31,1359,0.223,7.49,4.14
2021-2022,B2B,Sales,371,38,27,1359,0.0707,2.603,10.37
2021-2022,Consumer,Fintech,84,284,27,1359,0.0792,1.538,17.55
2021-2022,Fintech,Neobank,284,29,26,1359,0.0906,4.29,6.06
2021-2022,AI,Generative AI,168,54,25,1359,0.1269,3.745,6.68
2021-2022,Artificial Intelligence,Developer Tools,185,125,23,1359,0.0801,1.352,17.02
2021-2022,B2B,E-commerce,371,76,22,1359,0.0518,1.06,20.75
2021-2022,B2B,Generative AI,371,54,22,1359,0.0546,1.492,14.74
2021-2022,SaaS,Sales,388,38,22,1359,0.0545,2.028,10.85
2021-2022,E-commerce,SaaS,76,388,21,1359,0.0474,0.968,21.7
2021-2022,Productivity,SaaS,46,388,21,1359,0.0508,1.599,13.13
2021-2022,Analytics,SaaS,49,388,20,1359,0.048,1.43,13.99
2021-2022,AI,Developer Tools,168,125,19,1359,0.0693,1.23,15.45
2021-2022,Artificial Intelligence,Fintech,185,284,19,1359,0.0422,0.491,38.66
2021-2022,API,B2B,46,371,18,1359,0.0451,1.433,12.56
2021-2022,Analytics,B2B,49,371,18,1359,0.0448,1.346,13.38
2021-2022,B2B,Marketing,371,25,18,1359,0.0476,2.637,6.82
2021-2022,B2B,Productivity,371,46,18,1359,0.0451,1.433,12.56
2021-2022,Consumer Health Services,Digital Health,47,41,18,1359,0.2571,12.694,1.42
2021-2022,Education,eLearning,43,25,18,1359,0.36,22.755,0.79
2021-2022,Artificial Intelligence,Generative AI,185,54,17,1359,0.0766,2.313,7.35
2021-2022,B2B,Payments,371,56,17,1359,0.0415,1.112,15.29
2021-2022,Crypto / Web3,Fintech,45,284,17,1359,0.0545,1.808,9.4
2021-2022,E-commerce,Marketplace,76,90,17,1359,0.1141,3.378,5.03
2021-2022,AI,AI Assistant,168,34,16,1359,0.086,3.807,4.2
2021-2022,AI Assistant,Artificial Intelligence,34,185,16,1359,0.0788,3.457,4.63
2021-2022,Artificial Intelligence,Machine Learning,185,65,16,1359,0.0684,1.808,8.85
2021-2022,B2B,Marketplace,371,90,16,1359,0.036,0.651,24.57
2021-2022,B2B,Open Source,371,45,16,1359,0.04,1.302,12.28
2021-2022,Digital Health,Healthcare,41,52,16,1359,0.2078,10.199,1.57
2021-2022,Fintech,Marketplace,284,90,16,1359,0.0447,0.851,18.81
2021-2022,Generative AI,SaaS,54,388,16,1359,0.0376,1.038,15.42
2021-2022,API,Developer Tools,46,125,15,1359,0.0962,3.545,4.23
2021-2022,B2B,Enterprise,371,28,15,1359,0.0391,1.962,7.64
2021-2022,Enterprise,SaaS,28,388,15,1359,0.0374,1.876,7.99
2021-2022,Consumer Health Services,Healthcare,47,52,14,1359,0.1647,7.785,1.8
2021-2022,HR Tech,SaaS,23,388,14,1359,0.0353,2.132,6.57
2021-2022,Marketplace,SaaS,90,388,14,1359,0.0302,0.545,25.7
2021-2022,AI,Fintech,168,284,13,1359,0.0296,0.37,35.11
2021-2022,Analytics,Data Engineering,49,34,13,1359,0.1857,10.604,1.23
2021-2022,B2B,HR Tech,371,23,13,1359,0.0341,2.07,6.28
2021-2022,B2B,Machine Learning,371,65,13,1359,0.0307,0.733,17.74
2021-2022,Data Engineering,Developer Tools,34,125,13,1359,0.089,4.157,3.13
2021-2022,Digital Health,Health Tech,41,37,13,1359,0.2,11.646,1.12
2021-2022,Fintech,Investing,284,14,13,1359,0.0456,4.443,2.93
2021-2022,Fintech,Proptech,284,36,13,1359,0.0423,1.728,7.52
2021-2022,Health Tech,Healthcare,37,52,13,1359,0.1711,9.182,1.42
2021-2022,Open Source,SaaS,45,388,13,1359,0.031,1.012,12.85
2021-2022,AI,Analytics,168,49,12,1359,0.0585,1.981,6.06
2021-2022,API,Fintech,46,284,12,1359,0.0377,1.248,9.61
2021-2022,API,SaaS,46,388,12,1359,0.0284,0.914,13.13
2021-2022,Enterprise Software,SaaS,23,388,12,1359,0.0301,1.827,6.57
2021-2022,Neobank,Payments,29,56,12,1359,0.1644,10.042,1.19
2021-2022,Payments,SaaS,56,388,12,1359,0.0278,0.751,15.99
2021-2022,Proptech,Real Estate,36,23,12,1359,0.2553,19.696,0.61
2021-2022,SaaS,Security,388,26,12,1359,0.0299,1.617,7.42
2021-2022,AI,Consumer,168,84,11,1359,0.0456,1.059,10.38
2021-2022,AI,Machine Learning,168,65,11,1359,0.0495,1.369,8.04
2021-2022,Banking as a Service,Fintech,11,284,11,1359,0.0387,4.785,2.3
2021-2022,Biotech,Therapeutics,38,18,11,1359,0.2444,21.855,0.5
2021-2022,FinOps,Fintech,14,284,11,1359,0.0383,3.76,2.93
2021-2022,Marketing,SaaS,25,388,11,1359,0.0274,1.541,7.14
2021-2022,AI,Sales,168,38,10,1359,0.051,2.129,4.7
2021-2022,AI Assistant,SaaS,34,388,10,1359,0.0243,1.03,9.71
2021-2022,Artificial Intelligence,E-commerce,185,76,10,1359,0.0398,0.967,10.35
2021-2022,Artificial Intelligence,Sales,185,38,10,1359,0.0469,1.933,5.17
2021-2022,B2B,Compliance,371,21,10,1359,0.0262,1.744,5.73
2021-2022,B2B,Logistics,371,33,10,1359,0.0254,1.11,9.01
2021-2022,B2B,Security,371,26,10,1359,0.0258,1.409,7.1
2021-2022,Climate,ClimateTech,59,11,10,1359,0.1667,20.94,0.48
2021-2022,Consumer,E-commerce,84,76,10,1359,0.0667,2.129,4.7
2021-2022,Consumer,Marketplace,84,90,10,1359,0.061,1.798,5.56
2021-2022,Consumer Health Services,Telemedicine,47,16,10,1359,0.1887,18.072,0.55
2021-2022,Data Engineering,SaaS,34,388,10,1359,0.0243,1.03,9.71
2021-2022,E-commerce,Fintech,76,284,10,1359,0.0286,0.63,15.88
2021-2022,Marketplace,Proptech,90,36,10,1359,0.0862,4.194,2.38
2021-2022,Sales,Sales Enablement,38,14,10,1359,0.2381,25.545,0.39
2021-2022,AI,Productivity,168,46,9,1359,0.0439,1.583,5.69
2021-2022,Analytics,Developer Tools,49,125,9,1359,0.0545,1.997,4.51
2021-2022,Artificial Intelligence,Consumer,185,84,9,1359,0.0346,0.787,11.43
2021-2022,Artificial Intelligence,Productivity,185,46,9,1359,0.0405,1.437,6.26
2021-2022,B2B,Data Engineering,371,34,9,1359,0.0227,0.97,9.28
2021-2022,B2B,Enterprise Software,371,23,9,1359,0.0234,1.433,6.28
2021-2022,B2B,FinOps,371,14,9,1359,0.0239,2.355,3.82
2021-2022,B2B,Sales Enablement,371,14,9,1359,0.0239,2.355,3.82
2021-2022,Consumer,Gaming,84,21,9,1359,0.0938,6.934,1.3
2021-2022,Consumer Health Services,Health Tech,47,37,9,1359,0.12,7.033,1.28
2021-2022,Fintech,Insurance,284,23,9,1359,0.0302,1.872,4.81
2021-2022,Hard Tech,Hardware,33,24,9,1359,0.1875,15.443,0.58
2021-2022,Marketing,Sales,25,38,9,1359,0.1667,12.875,0.7
2021-2022,Proptech,SaaS,36,388,9,1359,0.0217,0.876,10.28
2021-2022,AI,Enterprise,168,28,8,1359,0.0426,2.311,3.46
2021-2022,AI,Marketing,168,25,8,1359,0.0432,2.589,3.09
2021-2022,B2B,Digital Health,371,41,8,1359,0.0198,0.715,11.19
2021-2022,B2B,Recruiting,371,17,8,1359,0.0211,1.724,4.64
2021-2022,B2B,Supply Chain,371,21,8,1359,0.0208,1.395,5.73
2021-2022,B2B,Workflow Automation,371,12,8,1359,0.0213,2.442,3.28
2021-2022,Climate,Energy,59,15,8,1359,0.1212,12.285,0.65
2021-2022,Collaboration,SaaS,11,388,8,1359,0.0205,2.547,3.14
2021-2022,Crypto / Web3,DeFi,45,10,8,1359,0.1702,24.16,0.33
2021-2022,Crypto / Web3,SaaS,45,388,8,1359,0.0188,0.623,12.85
2021-2022,Delivery,Marketplace,19,90,8,1359,0.0792,6.358,1.26
2021-2022,Digital Health,Telemedicine,41,16,8,1359,0.1633,16.573,0.48
2021-2022,E-commerce,Logistics,76,33,8,1359,0.0792,4.335,1.85
2021-2022,FinOps,SaaS,14,388,8,1359,0.0203,2.001,4.0
2021-2022,Fintech,Lending,284,10,8,1359,0.028,3.828,2.09
2021-2022,Fintech,Machine Learning,284,65,8,1359,0.0235,0.589,13.58
2021-2022,Generative AI,Machine Learning,54,65,8,1359,0.0721,3.097,2.58
2021-2022,Logistics,Supply Chain,33,21,8,1359,0.1739,15.688,0.51
2021-2022,Machine Learning,SaaS,65,388,8,1359,0.018,0.431,18.56
2021-2022,SaaS,Workflow Automation,388,12,8,1359,0.0204,2.335,3.43
2021-2022,AI,API,168,46,7,1359,0.0338,1.231,5.69
2021-2022,AI,Enterprise Software,168,23,7,1359,0.038,2.462,2.84
2021-2022,AI,Sales Enablement,168,14,7,1359,0.04,4.045,1.73
2021-2022,AI Assistant,B2B,34,371,7,1359,0.0176,0.754,9.28
2021-2022,AI Assistant,Fintech,34,284,7,1359,0.0225,0.985,7.11
2021-2022,Artificial Intelligence,Hard Tech,185,33,7,1359,0.0332,1.558,4.49
2021-2022,B2B,Banking as a Service,371,11,7,1359,0.0187,2.331,3.0
2021-2022,B2B,Construction,371,22,7,1359,0.0181,1.166,6.01
2021-2022,Biotech,Drug discovery,38,10,7,1359,0.1707,25.034,0.28
2021-2022,Climate,Hard Tech,59,33,7,1359,0.0824,4.886,1.43
2021-2022,Collaboration,Productivity,11,46,7,1359,0.14,18.8,0.37
2021-2022,Community,SaaS,24,388,7,1359,0.0173,1.022,6.85
2021-2022,Compliance,SaaS,21,388,7,1359,0.0174,1.168,6.0
2021-2022,Consumer,Consumer Health Services,84,47,7,1359,0.0565,2.41,2.91
2021-2022,Consumer,Neobank,84,29,7,1359,0.066,3.905,1.79
2021-2022,Consumer,Social,84,11,7,1359,0.0795,10.295,0.68
2021-2022,Crypto / Web3,Developer Tools,45,125,7,1359,0.0429,1.691,4.14
2021-2022,Crypto / Web3,Payments,45,56,7,1359,0.0745,3.775,1.85
2021-2022,Data Engineering,Open Source,34,45,7,1359,0.0972,6.218,1.13
2021-2022,Digital Health,Telehealth,41,13,7,1359,0.1489,17.848,0.39
2021-2022,Finance,Fintech,16,284,7,1359,0.0239,2.094,3.34
2021-2022,Hard Tech,Robotics,33,20,7,1359,0.1522,14.414,0.49
2021-2022,Healthcare,SaaS,52,388,7,1359,0.0162,0.472,14.85
2021-2022,SaaS,Sales Enablement,388,14,7,1359,0.0177,1.751,4.0
2021-2022,AI,No-code,168,12,6,1359,0.0345,4.045,1.48
2021-2022,AIOps,Artificial Intelligence,12,185,6,1359,0.0314,3.673,1.63
2021-2022,API,Artificial Intelligence,46,185,6,1359,0.0267,0.958,6.26
2021-2022,Analytics,Artificial Intelligence,49,185,6,1359,0.0263,0.9,6.67
2021-2022,Analytics,Fintech,49,284,6,1359,0.0183,0.586,10.24
2021-2022,Artificial Intelligence,Computer Vision,185,13,6,1359,0.0312,3.39,1.77
2021-2022,Artificial Intelligence,Manufacturing,185,17,6,1359,0.0306,2.593,2.31
2021-2022,Artificial Intelligence,Open Source,185,45,6,1359,0.0268,0.979,6.13
2021-2022,Artificial Intelligence,Supply Chain,185,21,6,1359,0.03,2.099,2.86
2021-2022,B2B,Consumer,371,84,6,1359,0.0134,0.262,22.93
2021-2022,B2B,Crypto / Web3,371,45,6,1359,0.0146,0.488,12.28
2021-2022,B2B,Finance,371,16,6,1359,0.0157,1.374,4.37
2021-2022,B2B,Infrastructure,371,19,6,1359,0.0156,1.157,5.19
2021-2022,B2B,Neobank,371,29,6,1359,0.0152,0.758,7.92
2021-2022,B2B,Proptech,371,36,6,1359,0.015,0.611,9.83
2021-2022,Biotech,Healthcare,38,52,6,1359,0.0714,4.127,1.45
2021-2022,Climate,Food Tech,59,18,6,1359,0.0845,7.678,0.78
2021-2022,Climate,SaaS,59,388,6,1359,0.0136,0.356,16.84
2021-2022,Compliance,Security,21,26,6,1359,0.1463,14.934,0.4
2021-2022,Construction,SaaS,22,388,6,1359,0.0149,0.955,6.28
2021-2022,Consumer Health Services,Mental Health Tech,47,17,6,1359,0.1034,10.205,0.59
2021-2022,Consumer Health Services,Telehealth,47,13,6,1359,0.1111,13.345,0.45
2021-2022,Data Engineering,Machine Learning,34,65,6,1359,0.0645,3.69,1.63
2021-2022,Delivery,Grocery,19,11,6,1359,0.25,39.014,0.15
2021-2022,Design Tools,SaaS,12,388,6,1359,0.0152,1.751,3.43
2021-2022,Developer Tools,Machine Learning,125,65,6,1359,0.0326,1.004,5.98
2021-2022,Digital Health,SaaS,41,388,6,1359,0.0142,0.513,11.71
2021-2022,E-commerce,Grocery,76,11,6,1359,0.0741,9.754,0.62
2021-2022,Education,SaaS,43,388,6,1359,0.0141,0.489,12.28
2021-2022,Fintech,Gaming,284,21,6,1359,0.0201,1.367,4.39
2021-2022,Fintech,Real Estate,284,23,6,1359,0.0199,1.248,4.81
2021-2022,Generative AI,Productivity,54,46,6,1359,0.0638,3.283,1.83
2021-2022,HR Tech,Recruiting,23,17,6,1359,0.1765,20.854,0.29
2021-2022,Hard Tech,Satellites,33,10,6,1359,0.1622,24.709,0.24
2021-2022,Healthcare,Telehealth,52,13,6,1359,0.1017,12.062,0.5
2021-2022,Logistics,SaaS,33,388,6,1359,0.0145,0.637,9.42
2021-2022,Marketplace,Real Estate,90,23,6,1359,0.0561,3.939,1.52
2021-2022,Marketplace,Recruiting,90,17,6,1359,0.0594,5.329,1.13
2021-2022,SaaS,Subscriptions,388,19,6,1359,0.015,1.106,5.42
2021-2022,AI,Compliance,168,21,5,1359,0.0272,1.926,2.6
2021-2022,AI,Proptech,168,36,5,1359,0.0251,1.124,4.45
2021-2022,AI,Workflow Automation,168,12,5,1359,0.0286,3.371,1.48
2021-2022,AI-Enhanced Learning,Education,12,43,5,1359,0.1,13.169,0.38
2021-2022,AI-powered Drug Discovery,Biotech,10,38,5,1359,0.1163,17.882,0.28
2021-2022,AIOps,Developer Tools,12,125,5,1359,0.0379,4.53,1.1
2021-2022,AIOps,Machine Learning,12,65,5,1359,0.0694,8.712,0.57
2021-2022,API,Payments,46,56,5,1359,0.0515,2.638,1.9
2021-2022,Artificial Intelligence,Enterprise,185,28,5,1359,0.024,1.312,3.81
2021-2022,Artificial Intelligence,Health Tech,185,37,5,1359,0.023,0.993,5.04
2021-2022,Artificial Intelligence,Healthcare,185,52,5,1359,0.0216,0.706,7.08
2021-2022,Artificial Intelligence,Insurance,185,23,5,1359,0.0246,1.597,3.13
2021-2022,Artificial Intelligence,Real Estate,185,23,5,1359,0.0246,1.597,3.13
2021-2022,Artificial Intelligence,Sales Enablement,185,14,5,1359,0.0258,2.624,1.91
2021-2022,Artificial Intelligence,Video,185,14,5,1359,0.0258,2.624,1.91
2021-2022,B2B,Climate,371,59,5,1359,0.0118,0.31,16.11
2021-2022,B2B,Healthcare,371,52,5,1359,0.012,0.352,14.2
2021-2022,B2B,Identity,371,10,5,1359,0.0133,1.832,2.73
2021-2022,B2B,Real Estate,371,23,5,1359,0.0129,0.796,6.28
2021-2022,B2B,Subscriptions,371,19,5,1359,0.013,0.964,5.19
2021-2022,Biotech,Climate,38,59,5,1359,0.0543,3.031,1.65
2021-2022,Biotech,Machine Learning,38,65,5,1359,0.051,2.751,1.82
2021-2022,Cloud Computing,Developer Tools,10,125,5,1359,0.0385,5.436,0.92
2021-2022,Compliance,Fintech,21,284,5,1359,0.0167,1.139,4.39
2021-2022,Construction,Proptech,22,36,5,1359,0.0943,8.58,0.58
2021-2022,Consumer,Crypto / Web3,84,45,5,1359,0.0403,1.798,2.78
2021-2022,Consumer,Digital Health,84,41,5,1359,0.0417,1.973,2.53
2021-2022,Consumer,Payments,84,56,5,1359,0.037,1.445,3.46
2021-2022,Creator Economy,Fintech,13,284,5,1359,0.0171,1.84,2.72
2021-2022,Delivery,Logistics,19,33,5,1359,0.1064,10.837,0.46
2021-2022,Developer Tools,Fintech,125,284,5,1359,0.0124,0.191,26.12
2021-2022,Developer Tools,Security,125,26,5,1359,0.0342,2.091,2.39
2021-2022,Digital Health,Health & Wellness,41,14,5,1359,0.1,11.838,0.42
2021-2022,Drug discovery,Therapeutics,10,18,5,1359,0.2174,37.75,0.13
2021-2022,E-commerce,Machine Learning,76,65,5,1359,0.0368,1.376,3.64
2021-2022,Enterprise,Fintech,28,284,5,1359,0.0163,0.855,5.85
2021-2022,Generative AI,Sales,54,38,5,1359,0.0575,3.311,1.51
2021-2022,Health Tech,Medical Devices,37,24,5,1359,0.0893,7.652,0.65
2021-2022,Health Tech,SaaS,37,388,5,1359,0.0119,0.473,10.56
2021-2022,No-code,SaaS,12,388,5,1359,0.0127,1.459,3.43
2021-2022,SaaS,Supply Chain,388,21,5,1359,0.0124,0.834,6.0
2023-2024,B2B,SaaS,289,216,126,1084,0.3325,2.188,57.59
2023-2024,AI,B2B,322,289,99,1084,0.1934,1.153,85.85
2023-2024,Artificial Intelligence,B2B,335,289,99,1084,0.1886,1.108,89.31
2023-2024,AI,Artificial Intelligence,322,335,68,1084,0.1154,0.683,99.51
2023-2024,AI,SaaS,322,216,67,1084,0.1423,1.044,64.16
2023-2024,Artificial Intelligence,SaaS,335,216,64,1084,0.1314,0.959,66.75
2023-2024,Artificial Intelligence,Developer Tools,335,162,60,1084,0.1373,1.198,50.06
2023-2024,AI,Developer Tools,322,162,58,1084,0.1362,1.205,48.12
2023-2024,AI,Generative AI,322,128,52,1084,0.1307,1.368,38.02
2023-2024,Artificial Intelligence,Generative AI,335,128,52,1084,0.1265,1.315,39.56
2023-2024,B2B,Developer Tools,289,162,51,1084,0.1275,1.181,43.19
2023-2024,Developer Tools,SaaS,162,216,47,1084,0.142,1.456,32.28
2023-2024,B2B,Fintech,289,98,41,1084,0.1185,1.569,26.13
2023-2024,AI Assistant,Artificial Intelligence,71,335,34,1084,0.0914,1.55,21.94
2023-2024,Developer Tools,Open Source,162,51,33,1084,0.1833,4.33,7.62
2023-2024,Generative AI,SaaS,128,216,33,1084,0.1061,1.294,25.51
2023-2024,AI,Consumer,322,63,31,1084,0.0876,1.657,18.71
2023-2024,B2B,Generative AI,289,128,30,1084,0.0775,0.879,34.13
2023-2024,Developer Tools,Generative AI,162,128,30,1084,0.1154,1.568,19.13
2023-2024,Developer Tools,Infrastructure,162,41,27,1084,0.1534,4.407,6.13
2023-2024,Artificial Intelligence,Healthcare,335,60,25,1084,0.0676,1.348,18.54
2023-2024,AI,AI Assistant,322,71,23,1084,0.0622,1.091,21.09
2023-2024,Artificial Intelligence,Consumer,335,63,23,1084,0.0613,1.181,19.47
2023-2024,B2B,Enterprise Software,289,43,23,1084,0.0744,2.006,11.46
2023-2024,AI,Fintech,322,98,22,1084,0.0553,0.756,29.11
2023-2024,B2B,Sales,289,38,22,1084,0.0721,2.172,10.13
2023-2024,Fintech,SaaS,98,216,21,1084,0.0717,1.075,19.53
2023-2024,Health Tech,Healthcare,38,60,21,1084,0.2727,9.984,2.1
2023-2024,AI,Infrastructure,322,41,20,1084,0.0583,1.642,12.18
2023-2024,Artificial Intelligence,Enterprise Software,335,43,20,1084,0.0559,1.505,13.29
2023-2024,AI,Machine Learning,322,45,19,1084,0.0546,1.421,13.37
2023-2024,Artificial Intelligence,Automation,335,38,19,1084,0.0537,1.618,11.74
2023-2024,Artificial Intelligence,Fintech,335,98,19,1084,0.0459,0.627,30.29
2023-2024,B2B,Enterprise,289,36,19,1084,0.0621,1.98,9.6
2023-2024,Fintech,Payments,98,29,19,1084,0.1759,7.247,2.62
2023-2024,API,Developer Tools,37,162,18,1084,0.0994,3.255,5.53
2023-2024,AI,Productivity,322,42,17,1084,0.049,1.363,12.48
2023-2024,AI,Sales,322,38,17,1084,0.0496,1.506,11.29
2023-2024,Analytics,B2B,44,289,17,1084,0.0538,1.449,11.73
2023-2024,Artificial Intelligence,Health Tech,335,38,17,1084,0.0478,1.448,11.74
2023-2024,AI,Analytics,322,44,16,1084,0.0457,1.224,13.07
2023-2024,AI,Health Tech,322,38,16,1084,0.0465,1.417,11.29
2023-2024,AI,Healthcare,322,60,16,1084,0.0437,0.898,17.82
2023-2024,AI,Open Source,322,51,16,1084,0.0448,1.056,15.15
2023-2024,API,B2B,37,289,16,1084,0.0516,1.622,9.86
2023-2024,Artificial Intelligence,Machine Learning,335,45,16,1084,0.044,1.151,13.91
2023-2024,B2B,Payments,289,29,16,1084,0.053,2.069,7.73
2023-2024,Artificial Intelligence,Open Source,335,51,15,1084,0.0404,0.952,15.76
2023-2024,Artificial Intelligence,Sales,335,38,15,1084,0.0419,1.277,11.74
2023-2024,SaaS,Sales,216,38,15,1084,0.0628,1.981,7.57
2023-2024,AI,Finance,322,36,14,1084,0.0407,1.309,10.69
2023-2024,Analytics,Artificial Intelligence,44,335,14,1084,0.0384,1.03,13.6
2023-2024,Artificial Intelligence,Enterprise,335,36,14,1084,0.0392,1.258,11.13
2023-2024,Artificial Intelligence,Workflow Automation,335,31,14,1084,0.0398,1.461,9.58
2023-2024,B2B,Healthcare,289,60,14,1084,0.0418,0.875,16.0
2023-2024,Enterprise Software,SaaS,43,216,14,1084,0.0571,1.634,8.57
2023-2024,Finance,Fintech,36,98,14,1084,0.1167,4.302,3.25
2023-2024,AI,AIOps,322,23,13,1084,0.0392,1.903,6.83
2023-2024,AI,Enterprise Software,322,43,13,1084,0.0369,1.018,12.77
2023-2024,Analytics,SaaS,44,216,13,1084,0.0526,1.483,8.77
2023-2024,Artificial Intelligence,Marketing,335,31,13,1084,0.0368,1.357,9.58
2023-2024,Artificial Intelligence,Productivity,335,42,13,1084,0.0357,1.002,12.98
2023-2024,B2B,Finance,289,36,13,1084,0.0417,1.354,9.6
2023-2024,B2B,Health Tech,289,38,13,1084,0.0414,1.283,10.13
2023-2024,B2B,Infrastructure,289,41,13,1084,0.041,1.189,10.93
2023-2024,B2B,Productivity,289,42,13,1084,0.0409,1.161,11.2
2023-2024,Consumer,Generative AI,63,128,13,1084,0.073,1.748,7.44
2023-2024,DevOps,Developer Tools,15,162,13,1084,0.0793,5.799,2.24
2023-2024,Open Source,SaaS,51,216,13,1084,0.0512,1.279,10.16
2023-2024,AIOps,Developer Tools,23,162,12,1084,0.0694,3.491,3.44
2023-2024,API,Artificial Intelligence,37,335,12,1084,0.0333,1.049,11.43
2023-2024,Artificial Intelligence,Finance,335,36,12,1084,0.0334,1.079,11.13
2023-2024,Artificial Intelligence,Video,335,21,12,1084,0.0349,1.849,6.49
2023-2024,Automation,B2B,38,289,12,1084,0.0381,1.184,10.13
2023-2024,B2B,Compliance,289,24,12,1084,0.0399,1.875,6.4
2023-2024,AI,Compliance,322,24,11,1084,0.0328,1.543,7.13
2023-2024,AI,Data Engineering,322,22,11,1084,0.033,1.683,6.54
2023-2024,AI,Marketing,322,31,11,1084,0.0322,1.195,9.21
2023-2024,AIOps,Artificial Intelligence,23,335,11,1084,0.0317,1.548,7.11
2023-2024,B2B,Marketing,289,31,11,1084,0.0356,1.331,8.26
2023-2024,Biotech,Synthetic Biology,32,11,11,1084,0.3438,33.875,0.32
2023-2024,Compliance,Fintech,24,98,11,1084,0.0991,5.07,2.17
2023-2024,Digital Health,Health Tech,23,38,11,1084,0.22,13.643,0.81
2023-2024,Digital Health,Healthcare,23,60,11,1084,0.1528,8.641,1.27
2023-2024,Generative AI,Open Source,128,51,11,1084,0.0655,1.827,6.02
2023-2024,Healthcare,SaaS,60,216,11,1084,0.0415,0.92,11.96
2023-2024,Productivity,SaaS,42,216,11,1084,0.0445,1.314,8.37
2023-2024,AI,Automation,322,38,10,1084,0.0286,0.886,11.29
2023-2024,AI,Conversational AI,322,17,10,1084,0.0304,1.98,5.05
2023-2024,AI,Enterprise,322,36,10,1084,0.0287,0.935,10.69
2023-2024,AI,Supply Chain,322,22,10,1084,0.0299,1.53,6.54
2023-2024,AI,Video,322,21,10,1084,0.03,1.603,6.24
2023-2024,AI Assistant,Developer Tools,71,162,10,1084,0.0448,0.942,10.61
2023-2024,AI Assistant,Generative AI,71,128,10,1084,0.0529,1.193,8.38
2023-2024,AI Assistant,Productivity,71,42,10,1084,0.0971,3.635,2.75
2023-2024,B2B,Open Source,289,51,10,1084,0.0303,0.735,13.6
2023-2024,B2B,Workflow Automation,289,31,10,1084,0.0323,1.21,8.26
2023-2024,Logistics,Supply Chain,23,22,10,1084,0.2857,21.423,0.47
2023-2024,AI,Security,322,17,9,1084,0.0273,1.782,5.05
2023-2024,AI Assistant,B2B,71,289,9,1084,0.0256,0.475,18.93
2023-2024,AI Assistant,SaaS,71,216,9,1084,0.0324,0.636,14.15
2023-2024,API,SaaS,37,216,9,1084,0.0369,1.221,7.37
2023-2024,Analytics,Developer Tools,44,162,9,1084,0.0457,1.369,6.58
2023-2024,Artificial Intelligence,E-commerce,335,21,9,1084,0.0259,1.387,6.49
2023-2024,Artificial Intelligence,Legal,335,13,9,1084,0.0265,2.24,4.02
2023-2024,Artificial Intelligence,LegalTech,335,15,9,1084,0.0264,1.941,4.64
2023-2024,B2B,E-commerce,289,21,9,1084,0.0299,1.608,5.6
2023-2024,B2B,Proptech,289,18,9,1084,0.0302,1.875,4.8
2023-2024,Biotech,Therapeutics,32,10,9,1084,0.2727,30.488,0.3
2023-2024,Cloud Computing,Developer Tools,13,162,9,1084,0.0542,4.632,1.94
2023-2024,Consumer,Fintech,63,98,9,1084,0.0592,1.58,5.7
2023-2024,Consumer,Productivity,63,42,9,1084,0.0938,3.687,2.44
2023-2024,Developer Tools,Machine Learning,162,45,9,1084,0.0455,1.338,6.73
2023-2024,Enterprise,Generative AI,36,128,9,1084,0.0581,2.117,4.25
2023-2024,Enterprise,SaaS,36,216,9,1084,0.037,1.255,7.17
2023-2024,Health Tech,SaaS,38,216,9,1084,0.0367,1.189,7.57
2023-2024,Infrastructure,SaaS,41,216,9,1084,0.0363,1.102,8.17
2023-2024,Legal,LegalTech,13,15,9,1084,0.4737,50.031,0.18
2023-2024,Marketing,SaaS,31,216,9,1084,0.0378,1.457,6.18
2023-2024,AI,API,322,37,8,1084,0.0228,0.728,10.99
2023-2024,AI,Design Tools,322,12,8,1084,0.0245,2.244,3.56
2023-2024,AI,Digital Health,322,23,8,1084,0.0237,1.171,6.83
2023-2024,AI,Logistics,322,23,8,1084,0.0237,1.171,6.83
2023-2024,Artificial Intelligence,Biotech,335,32,8,1084,0.0223,0.809,9.89
2023-2024,Artificial Intelligence,Compliance,335,24,8,1084,0.0228,1.079,7.42
2023-2024,Artificial Intelligence,Digital Health,335,23,8,1084,0.0229,1.126,7.11
2023-2024,Artificial Intelligence,Logistics,335,23,8,1084,0.0229,1.126,7.11
2023-2024,B2B,HR Tech,289,14,8,1084,0.0271,2.143,3.73
2023-2024,B2B,Logistics,289,23,8,1084,0.0263,1.305,6.13
2023-2024,B2B,Supply Chain,289,22,8,1084,0.0264,1.364,5.87
2023-2024,Biotech,Healthcare,32,60,8,1084,0.0952,4.517,1.77
2023-2024,Consumer Finance,Fintech,10,98,8,1084,0.08,8.849,0.9
2023-2024,Customer Success,Customer Support,11,16,8,1084,0.4211,49.273,0.16
2023-2024,Fintech,Generative AI,98,128,8,1084,0.0367,0.691,11.57
2023-2024,Generative AI,Sales,128,38,8,1084,0.0506,1.783,4.49
2023-2024,Healthcare,Healthcare IT,60,14,8,1084,0.1212,10.324,0.77
2023-2024,Payments,SaaS,29,216,8,1084,0.0338,1.384,5.78
2023-2024,Proptech,Real Estate,18,15,8,1084,0.32,32.119,0.25
2023-2024,AI,Education,322,13,7,1084,0.0213,1.813,3.86
2023-2024,AI,Operations,322,16,7,1084,0.0211,1.473,4.75
2023-2024,AI,Workflow Automation,322,31,7,1084,0.0202,0.76,9.21
2023-2024,Analytics,Data Engineering,44,22,7,1084,0.1186,7.839,0.89
2023-2024,Artificial Intelligence,Computer Vision,335,15,7,1084,0.0204,1.51,4.64
2023-2024,B2B,Legal,289,13,7,1084,0.0237,2.02,3.47
2023-2024,B2B,Machine Learning,289,45,7,1084,0.0214,0.583,12.0
2023-2024,B2B,Operations,289,16,7,1084,0.0235,1.641,4.27
2023-2024,B2B,Real Estate,289,15,7,1084,0.0236,1.75,4.0
2023-2024,B2B,Retail,289,11,7,1084,0.0239,2.387,2.93
2023-2024,B2B,Security,289,17,7,1084,0.0234,1.544,4.53
2023-2024,Cloud Computing,Infrastructure,13,41,7,1084,0.1489,14.236,0.49
2023-2024,Compliance,SaaS,24,216,7,1084,0.03,1.464,4.78
2023-2024,Developer Tools,Enterprise,162,36,7,1084,0.0366,1.301,5.38
2023-2024,Developer Tools,Enterprise Software,162,43,7,1084,0.0354,1.089,6.43
2023-2024,Finance,Generative AI,36,128,7,1084,0.0446,1.647,4.25
2023-2024,Finance,SaaS,36,216,7,1084,0.0286,0.976,7.17
2023-2024,Generative AI,Productivity,128,42,7,1084,0.0429,1.411,4.96
2023-2024,Infrastructure,Open Source,41,51,7,1084,0.0824,3.629,1.93
2023-2024,SaaS,Workflow Automation,216,31,7,1084,0.0292,1.133,6.18
2023-2024,AI,Construction,322,13,6,1084,0.0182,1.554,3.86
2023-2024,AI,Customer Support,322,16,6,1084,0.0181,1.262,4.75
2023-2024,AI,E-commerce,322,21,6,1084,0.0178,0.962,6.24
2023-2024,AI,HR Tech,322,14,6,1084,0.0182,1.443,4.16
2023-2024,AI,Search,322,10,6,1084,0.0184,2.02,2.97
2023-2024,AI Assistant,Consumer,71,63,6,1084,0.0469,1.454,4.13
2023-2024,AI-Enhanced Learning,Education,15,13,6,1084,0.2727,33.354,0.18
2023-2024,AIOps,B2B,23,289,6,1084,0.0196,0.978,6.13
2023-2024,API,Open Source,37,51,6,1084,0.0732,3.447,1.74
2023-2024,Analytics,Generative AI,44,128,6,1084,0.0361,1.155,5.2
2023-2024,Artificial Intelligence,Data Engineering,335,22,6,1084,0.0171,0.882,6.8
2023-2024,Artificial Intelligence,Data Science,335,14,6,1084,0.0175,1.387,4.33
2023-2024,Artificial Intelligence,DevOps,335,15,6,1084,0.0174,1.294,4.64
2023-2024,Artificial Intelligence,Hard Tech,335,18,6,1084,0.0173,1.079,5.56
2023-2024,Artificial Intelligence,Operations,335,16,6,1084,0.0174,1.213,4.94
2023-2024,Artificial Intelligence,Payments,335,29,6,1084,0.0168,0.669,8.96
2023-2024,Artificial Intelligence,Security,335,17,6,1084,0.0173,1.142,5.25
2023-2024,Artificial Intelligence,Supply Chain,335,22,6,1084,0.0171,0.882,6.8
2023-2024,B2B,Data Engineering,289,22,6,1084,0.0197,1.023,5.87
2023-2024,B2B,Insurance,289,16,6,1084,0.0201,1.407,4.27
2023-2024,B2B,LegalTech,289,15,6,1084,0.0201,1.5,4.0
2023-2024,B2B,Marketplace,289,21,6,1084,0.0197,1.072,5.6
2023-2024,Consumer,Entertainment,63,10,6,1084,0.0896,10.324,0.58
2023-2024,Consumer,SaaS,63,216,6,1084,0.022,0.478,12.55
2023-2024,Consumer,Video,63,21,6,1084,0.0769,4.916,1.22
2023-2024,Consumer Health Services,Digital Health,15,23,6,1084,0.1875,18.852,0.32
2023-2024,Consumer Health Services,Healthcare,15,60,6,1084,0.087,7.227,0.83
2023-2024,Crypto / Web3,Fintech,10,98,6,1084,0.0588,6.637,0.9
2023-2024,Data Engineering,SaaS,22,216,6,1084,0.0259,1.369,4.38
2023-2024,Developer Tools,Productivity,162,42,6,1084,0.0303,0.956,6.28
2023-2024,Developer Tools,Security,162,17,6,1084,0.0347,2.362,2.54
2023-2024,Fintech,Investing,98,13,6,1084,0.0571,5.105,1.18
2023-2024,Fintech,Proptech,98,18,6,1084,0.0545,3.687,1.63
2023-2024,Generative AI,Machine Learning,128,45,6,1084,0.0359,1.129,5.31
2023-2024,Hardware,Manufacturing,12,21,6,1084,0.2222,25.81,0.23
2023-2024,Health Tech,Healthcare IT,38,14,6,1084,0.1304,12.226,0.49
2023-2024,Healthcare IT,SaaS,14,216,6,1084,0.0268,2.151,2.79
2023-2024,Machine Learning,SaaS,45,216,6,1084,0.0235,0.669,8.97
2023-2024,Manufacturing,Supply Chain,21,22,6,1084,0.1622,14.078,0.43
2023-2024,Marketing,Sales,31,38,6,1084,0.0952,5.521,1.09
2023-2024,Marketing,Video,31,21,6,1084,0.1304,9.991,0.6
2023-2024,Proptech,SaaS,18,216,6,1084,0.0263,1.673,3.59
2023-2024,AI,AI-Enhanced Learning,322,15,5,1084,0.0151,1.122,4.46
2023-2024,AI,Data Science,322,14,5,1084,0.0151,1.202,4.16
2023-2024,AI,Hard Tech,322,18,5,1084,0.0149,0.935,5.35
2023-2024,AI,Insurance,322,16,5,1084,0.015,1.052,4.75
2023-2024,AI,LegalTech,322,15,5,1084,0.0151,1.122,4.46
2023-2024,AI,Media,322,10,5,1084,0.0153,1.683,2.97
2023-2024,AI,Real Estate,322,15,5,1084,0.0151,1.122,4.46
2023-2024,AI,Robotics,322,17,5,1084,0.015,0.99,5.05
2023-2024,AI Assistant,Conversational AI,71,17,5,1084,0.0602,4.49,1.11
2023-2024,AI Assistant,Open Source,71,51,5,1084,0.0427,1.497,3.34
2023-2024,Aerospace,Artificial Intelligence,14,335,5,1084,0.0145,1.156,4.33
2023-2024,Artificial Intelligence,Climate,335,21,5,1084,0.0142,0.77,6.49
2023-2024,Artificial Intelligence,Consumer Health Services,335,15,5,1084,0.0145,1.079,4.64
2023-2024,Artificial Intelligence,Conversational AI,335,17,5,1084,0.0144,0.952,5.25
2023-2024,Artificial Intelligence,Cybersecurity,335,11,5,1084,0.0147,1.471,3.4
2023-2024,Artificial Intelligence,Data Visualization,335,14,5,1084,0.0145,1.156,4.33
2023-2024,Artificial Intelligence,Education,335,13,5,1084,0.0146,1.245,4.02
2023-2024,Artificial Intelligence,Healthcare IT,335,14,5,1084,0.0145,1.156,4.33
2023-2024,Artificial Intelligence,Infrastructure,335,41,5,1084,0.0135,0.395,12.67
2023-2024,Artificial Intelligence,Insurance,335,16,5,1084,0.0145,1.011,4.94
2023-2024,Artificial Intelligence,Retail,335,11,5,1084,0.0147,1.471,3.4
2023-2024,Automation,Developer Tools,38,162,5,1084,0.0256,0.88,5.68
2023-2024,Automation,Enterprise,38,36,5,1084,0.0725,3.962,1.26
2023-2024,Automation,Generative AI,38,128,5,1084,0.0311,1.114,4.49
2023-2024,Automation,Productivity,38,42,5,1084,0.0667,3.396,1.47
2023-2024,B2B,Cloud Computing,289,13,5,1084,0.0168,1.443,3.47
2023-2024,B2B,Construction,289,13,5,1084,0.0168,1.443,3.47
2023-2024,B2B,Consumer,289,63,5,1084,0.0144,0.298,16.8
2023-2024,B2B,Customer Success,289,11,5,1084,0.0169,1.705,2.93
2023-2024,B2B,Customer Support,289,16,5,1084,0.0167,1.172,4.27
2023-2024,B2B,Manufacturing,289,21,5,1084,0.0164,0.893,5.6
2023-2024,B2B,Video,289,21,5,1084,0.0164,0.893,5.6
2023-2024,Biotech,SaaS,32,216,5,1084,0.0206,0.784,6.38
2023-2024,Climate,Energy,21,10,5,1084,0.1923,25.81,0.19
2023-2024,Construction,SaaS,13,216,5,1084,0.0223,1.93,2.59
2023-2024,Consumer,Social Media,63,11,5,1084,0.0725,7.821,0.64
2023-2024,Conversational AI,Generative AI,17,128,5,1084,0.0357,2.491,2.01
2023-2024,Cybersecurity,Security,11,17,5,1084,0.2174,28.984,0.17
2023-2024,Data Engineering,Developer Tools,22,162,5,1084,0.0279,1.521,3.29
2023-2024,Data Science,Data Visualization,14,14,5,1084,0.2174,27.653,0.18
2023-2024,Design Tools,Developer Tools,12,162,5,1084,0.0296,2.788,1.79
2023-2024,DevOps,SaaS,15,216,5,1084,0.0221,1.673,2.99
2023-2024,E-commerce,SaaS,21,216,5,1084,0.0216,1.195,4.18
2023-2024,Enterprise,Open Source,36,51,5,1084,0.061,2.952,1.69
2023-2024,Enterprise Software,Fintech,43,98,5,1084,0.0368,1.286,3.89
2023-2024,Fintech,Marketplace,98,21,5,1084,0.0439,2.634,1.9
2023-2024,Generative AI,Social Media,128,11,5,1084,0.0373,3.849,1.3
2023-2024,HR Tech,SaaS,14,216,5,1084,0.0222,1.792,2.79
2023-2024,Legal,SaaS,13,216,5,1084,0.0223,1.93,2.59
2023-2024,LegalTech,SaaS,15,216,5,1084,0.0221,1.673,2.99
2023-2024,Retail,SaaS,11,216,5,1084,0.0225,2.281,2.19
2023-2024,SaaS,Security,216,17,5,1084,0.0219,1.476,3.39
2025-present,Artificial Intelligence,B2B,324,208,95,1286,0.2174,1.813,52.4
2025-present,AI,B2B,288,208,87,1286,0.2127,1.868,46.58
2025-present,Artificial Intelligence,Developer Tools,324,115,57,1286,0.1492,1.967,28.97
2025-present,B2B,SaaS,208,105,46,1286,0.1723,2.709,16.98
2025-present,AI,SaaS,288,105,43,1286,0.1229,1.829,23.51
2025-present,AI,Artificial Intelligence,288,324,38,1286,0.0662,0.524,72.56
2025-present,Artificial Intelligence,SaaS,324,105,37,1286,0.0944,1.399,26.45
2025-present,AI,Developer Tools,288,115,29,1286,0.0775,1.126,25.75
2025-present,AI,Infrastructure,288,67,27,1286,0.0823,1.799,15.0
2025-present,B2B,Developer Tools,208,115,27,1286,0.0912,1.452,18.6
2025-present,Developer Tools,Infrastructure,115,67,26,1286,0.1667,4.34,5.99
2025-present,Artificial Intelligence,Infrastructure,324,67,25,1286,0.0683,1.481,16.88
2025-present,AI,Fintech,288,50,23,1286,0.073,2.054,11.2
2025-present,AI,Robotics,288,67,23,1286,0.0693,1.533,15.0
2025-present,Artificial Intelligence,Consumer,324,50,21,1286,0.0595,1.667,12.6
2025-present,Artificial Intelligence,Enterprise Software,324,46,19,1286,0.0541,1.639,11.59
2025-present,Artificial Intelligence,Hardware,324,54,19,1286,0.0529,1.397,13.6
2025-present,Artificial Intelligence,Automation,324,33,18,1286,0.0531,2.165,8.31
2025-present,AI,Consumer,288,50,17,1286,0.053,1.518,11.2
2025-present,AI,Generative AI,288,45,16,1286,0.0505,1.588,10.08
2025-present,Artificial Intelligence,Fintech,324,50,16,1286,0.0447,1.27,12.6
2025-present,B2B,Infrastructure,208,67,16,1286,0.0618,1.476,10.84
2025-present,Hard Tech,Hardware,53,54,16,1286,0.1758,7.189,2.23
2025-present,Hardware,Robotics,54,67,16,1286,0.1524,5.687,2.81
2025-present,AI,Enterprise Software,288,46,15,1286,0.047,1.456,10.3
2025-present,Artificial Intelligence,Generative AI,324,45,15,1286,0.0424,1.323,11.34
2025-present,Artificial Intelligence,Reinforcement Learning,324,34,15,1286,0.0437,1.751,8.57
2025-present,Artificial Intelligence,Robotics,324,67,15,1286,0.0399,0.889,16.88
2025-present,B2B,Enterprise Software,208,46,15,1286,0.0628,2.016,7.44
2025-present,Developer Tools,Open Source,115,31,15,1286,0.1145,5.411,2.77
2025-present,Hard Tech,Robotics,53,67,15,1286,0.1429,5.432,2.76
2025-present,AI,Open Source,288,31,14,1286,0.0459,2.017,6.94
2025-present,Artificial Intelligence,Productivity,324,27,14,1286,0.0415,2.058,6.8
2025-present,AI,Hard Tech,288,53,13,1286,0.0396,1.095,11.87
2025-present,AI,Healthcare,288,31,13,1286,0.0425,1.873,6.94
2025-present,AI,Machine Learning,288,37,13,1286,0.0417,1.569,8.29
2025-present,Artificial Intelligence,Finance,324,27,13,1286,0.0385,1.911,6.8
2025-present,Artificial Intelligence,Machine Learning,324,37,13,1286,0.0374,1.395,9.32
2025-present,Artificial Intelligence,Open Source,324,31,13,1286,0.038,1.664,7.81
2025-present,Developer Tools,SaaS,115,105,13,1286,0.0628,1.385,9.39
2025-present,AI,AI Assistant,288,38,12,1286,0.0382,1.41,8.51
2025-present,AI Assistant,Artificial Intelligence,38,324,12,1286,0.0343,1.253,9.57
2025-present,B2B,Generative AI,208,45,12,1286,0.0498,1.649,7.28
2025-present,Developer Tools,Enterprise Software,115,46,12,1286,0.0805,2.917,4.11
2025-present,Generative AI,SaaS,45,105,12,1286,0.087,3.266,3.67
2025-present,Hardware,Manufacturing,54,41,12,1286,0.1446,6.97,1.72
2025-present,AI,Analytics,288,20,11,1286,0.037,2.456,4.48
2025-present,AI,Enterprise,288,19,11,1286,0.0372,2.585,4.26
2025-present,AI,Hardware,288,54,11,1286,0.0332,0.91,12.09
2025-present,AI,Sales,288,23,11,1286,0.0367,2.136,5.15
2025-present,Aerospace,Hard Tech,16,53,11,1286,0.1897,16.682,0.66
2025-present,Artificial Intelligence,Health Tech,324,22,11,1286,0.0328,1.985,5.54
2025-present,B2B,Sales,208,23,11,1286,0.05,2.957,3.72
2025-present,B2B,Workflow Automation,208,25,11,1286,0.0495,2.72,4.04
2025-present,Health Tech,Healthcare,22,31,11,1286,0.2619,20.742,0.53
2025-present,Manufacturing,Robotics,41,67,11,1286,0.1134,5.15,2.14
2025-present,AIOps,Artificial Intelligence,22,324,10,1286,0.0298,1.804,5.54
2025-present,Artificial Intelligence,Hard Tech,324,53,10,1286,0.0272,0.749,13.35
2025-present,Artificial Intelligence,Healthcare,324,31,10,1286,0.029,1.28,7.81
2025-present,Automation,B2B,33,208,10,1286,0.0433,1.874,5.34
2025-present,B2B,Fintech,208,50,10,1286,0.0403,1.237,8.09
2025-present,B2B,Hardware,208,54,10,1286,0.0397,1.145,8.73
2025-present,Cloud Computing,Developer Tools,15,115,10,1286,0.0833,7.455,1.34
2025-present,Logistics,Supply Chain,21,19,10,1286,0.3333,32.231,0.31
2025-present,AI,Manufacturing,288,41,9,1286,0.0281,0.98,9.18
2025-present,AI,Reinforcement Learning,288,34,9,1286,0.0288,1.182,7.61
2025-present,AI Assistant,B2B,38,208,9,1286,0.038,1.464,6.15
2025-present,AI-Enhanced Learning,Education,11,15,9,1286,0.5294,70.145,0.13
2025-present,API,Developer Tools,16,115,9,1286,0.0738,6.29,1.43
2025-present,Analytics,Artificial Intelligence,20,324,9,1286,0.0269,1.786,5.04
2025-present,Artificial Intelligence,Biotech,324,23,9,1286,0.0266,1.553,5.79
2025-present,Artificial Intelligence,Enterprise,324,19,9,1286,0.0269,1.88,4.79
2025-present,Artificial Intelligence,Marketing,324,20,9,1286,0.0269,1.786,5.04
2025-present,Artificial Intelligence,Workflow Automation,324,25,9,1286,0.0265,1.429,6.3
2025-present,B2B,Consumer,208,50,9,1286,0.0361,1.113,8.09
2025-present,B2B,Enterprise,208,19,9,1286,0.0413,2.929,3.07
2025-present,DevOps,Developer Tools,10,115,9,1286,0.0776,10.064,0.89
2025-present,Industrial,Manufacturing,22,41,9,1286,0.1667,12.831,0.7
2025-present,AI,Automation,288,33,8,1286,0.0256,1.082,7.39
2025-present,AI,Cybersecurity,288,18,8,1286,0.0268,1.985,4.03
2025-present,AI,Finance,288,27,8,1286,0.0261,1.323,6.05
2025-present,AI,Productivity,288,27,8,1286,0.0261,1.323,6.05
2025-present,AIOps,Developer Tools,22,115,8,1286,0.062,4.066,1.97
2025-present,Artificial Intelligence,E-commerce,324,11,8,1286,0.0245,2.887,2.77
2025-present,Artificial Intelligence,Insurance,324,19,8,1286,0.0239,1.671,4.79
2025-present,Artificial Intelligence,Legal,324,13,8,1286,0.0243,2.443,3.28
2025-present,Artificial Intelligence,Sales,324,23,8,1286,0.0236,1.381,5.79
2025-present,B2B,Biotech,208,23,8,1286,0.0359,2.151,3.72
2025-present,B2B,Legal,208,13,8,1286,0.0376,3.805,2.1
2025-present,B2B,Productivity,208,27,8,1286,0.0352,1.832,4.37
2025-present,Defense,Hard Tech,15,53,8,1286,0.1333,12.941,0.62
2025-present,Developer Tools,Generative AI,115,45,8,1286,0.0526,1.988,4.02
2025-present,Finance,Fintech,27,50,8,1286,0.1159,7.621,1.05
2025-present,Hard Tech,Manufacturing,53,41,8,1286,0.093,4.734,1.69
2025-present,Infrastructure,Open Source,67,31,8,1286,0.0889,4.953,1.62
2025-present,Productivity,SaaS,27,105,8,1286,0.0645,3.629,2.2
2025-present,AI,Biotech,288,23,7,1286,0.023,1.359,5.15
2025-present,AI,Conversational AI,288,17,7,1286,0.0235,1.839,3.81
2025-present,AI,Data Engineering,288,19,7,1286,0.0233,1.645,4.26
2025-present,AI,Marketing,288,20,7,1286,0.0233,1.563,4.48
2025-present,AI Assistant,Productivity,38,27,7,1286,0.1207,8.774,0.8
2025-present,API,Infrastructure,16,67,7,1286,0.0921,8.397,0.83
2025-present,Analytics,B2B,20,208,7,1286,0.0317,2.164,3.23
2025-present,Artificial Intelligence,Design,324,12,7,1286,0.0213,2.315,3.02
2025-present,Artificial Intelligence,Education,324,15,7,1286,0.0211,1.852,3.78
2025-present,Artificial Intelligence,Logistics,324,21,7,1286,0.0207,1.323,5.29
2025-present,Artificial Intelligence,Manufacturing,324,41,7,1286,0.0196,0.678,10.33
2025-present,Artificial Intelligence,Operations,324,12,7,1286,0.0213,2.315,3.02
2025-present,Artificial Intelligence,Security,324,16,7,1286,0.021,1.736,4.03
2025-present,Artificial Intelligence,Supply Chain,324,19,7,1286,0.0208,1.462,4.79
2025-present,Automation,Robotics,33,67,7,1286,0.0753,4.071,1.72
2025-present,B2B,Compliance,208,18,7,1286,0.032,2.404,2.91
2025-present,B2B,Cybersecurity,208,18,7,1286,0.032,2.404,2.91
2025-present,B2B,Finance,208,27,7,1286,0.0307,1.603,4.37
2025-present,B2B,LegalTech,208,12,7,1286,0.0329,3.607,1.94
2025-present,B2B,Manufacturing,208,41,7,1286,0.0289,1.056,6.63
2025-present,Consumer Finance,Fintech,11,50,7,1286,0.1296,16.367,0.43
2025-present,Hardware,Industrial,54,22,7,1286,0.1014,7.577,0.92
2025-present,Infrastructure,Robotics,67,67,7,1286,0.0551,2.005,3.49
2025-present,SaaS,Sales,105,23,7,1286,0.0579,3.728,1.88
2025-present,Sales,Sales Enablement,23,10,7,1286,0.2692,39.139,0.18
2025-present,AI,AIOps,288,22,6,1286,0.0197,1.218,4.93
2025-present,AI,Big Data,288,10,6,1286,0.0205,2.679,2.24
2025-present,AI,Insurance,288,19,6,1286,0.0199,1.41,4.26
2025-present,AI,Security,288,16,6,1286,0.0201,1.674,3.58
2025-present,AI,Semiconductors,288,12,6,1286,0.0204,2.233,2.69
2025-present,AI,Supply Chain,288,19,6,1286,0.0199,1.41,4.26
2025-present,AI Assistant,Consumer,38,50,6,1286,0.0732,4.061,1.48
2025-present,AI Assistant,SaaS,38,105,6,1286,0.0438,1.934,3.1
2025-present,API,Artificial Intelligence,16,324,6,1286,0.018,1.488,4.03
2025-present,Artificial Intelligence,Conversational AI,324,17,6,1286,0.0179,1.401,4.28
2025-present,Artificial Intelligence,Data Engineering,324,19,6,1286,0.0178,1.253,4.79
2025-present,Artificial Intelligence,Data Labeling,324,11,6,1286,0.0182,2.165,2.77
2025-present,Artificial Intelligence,Health & Wellness,324,12,6,1286,0.0182,1.985,3.02
2025-present,Artificial Intelligence,Investing,324,14,6,1286,0.0181,1.701,3.53
2025-present,Artificial Intelligence,LegalTech,324,12,6,1286,0.0182,1.985,3.02
2025-present,Automation,Developer Tools,33,115,6,1286,0.0423,2.033,2.95
2025-present,B2B,Healthcare,208,31,6,1286,0.0258,1.197,5.01
2025-present,B2B,Machine Learning,208,37,6,1286,0.0251,1.003,5.98
2025-present,B2B,Marketing,208,20,6,1286,0.027,1.855,3.23
2025-present,B2B,Supply Chain,208,19,6,1286,0.0271,1.952,3.07
2025-present,Cybersecurity,Security,18,16,6,1286,0.2143,26.792,0.22
2025-present,Defense,Drones,15,11,6,1286,0.3,46.764,0.13
2025-present,Defense,Robotics,15,67,6,1286,0.0789,7.678,0.78
2025-present,Digital Health,Health & Wellness,13,12,6,1286,0.3158,49.462,0.12
2025-present,Digital Health,Health Tech,13,22,6,1286,0.2069,26.979,0.22
2025-present,Energy,Hard Tech,15,53,6,1286,0.0968,9.706,0.62
2025-present,Enterprise,Enterprise Software,19,46,6,1286,0.1017,8.828,0.68
2025-present,Enterprise Software,SaaS,46,105,6,1286,0.0414,1.598,3.76
2025-present,Fintech,Investing,50,14,6,1286,0.1034,11.023,0.54
2025-present,Healthcare,Healthcare IT,31,10,6,1286,0.1714,24.89,0.24
2025-present,Industrial,Robotics,22,67,6,1286,0.0723,5.235,1.15
2025-present,Legal,SaaS,13,105,6,1286,0.0536,5.653,1.06
2025-present,AI,Compliance,288,18,5,1286,0.0166,1.24,4.03
2025-present,AI,Data Labeling,288,11,5,1286,0.017,2.03,2.46
2025-present,AI,Health Tech,288,22,5,1286,0.0164,1.015,4.93
2025-present,AI,Industrial,288,22,5,1286,0.0164,1.015,4.93
2025-present,AI,Logistics,288,21,5,1286,0.0164,1.063,4.7
2025-present,AI,Marketplace,288,14,5,1286,0.0168,1.595,3.14
2025-present,AI,Workflow Automation,288,25,5,1286,0.0162,0.893,5.6
2025-present,AI Assistant,Developer Tools,38,115,5,1286,0.0338,1.471,3.4
2025-present,AIOps,SaaS,22,105,5,1286,0.041,2.784,1.8
2025-present,API,B2B,16,208,5,1286,0.0228,1.932,2.59
2025-present,Artificial Intelligence,Cloud Computing,324,15,5,1286,0.015,1.323,3.78
2025-present,Artificial Intelligence,Compliance,324,18,5,1286,0.0148,1.103,4.53
2025-present,Artificial Intelligence,Computer Vision,324,17,5,1286,0.0149,1.167,4.28
2025-present,Artificial Intelligence,Cybersecurity,324,18,5,1286,0.0148,1.103,4.53
2025-present,Artificial Intelligence,Deep Learning,324,11,5,1286,0.0152,1.804,2.77
2025-present,Artificial Intelligence,DevOps,324,10,5,1286,0.0152,1.985,2.52
2025-present,Artificial Intelligence,Marketplace,324,14,5,1286,0.015,1.418,3.53
2025-present,Automation,SaaS,33,105,5,1286,0.0376,1.856,2.69
2025-present,B2B,Hard Tech,208,53,5,1286,0.0195,0.583,8.57
2025-present,B2B,Robotics,208,67,5,1286,0.0185,0.461,10.84
2025-present,Cloud Computing,Infrastructure,15,67,5,1286,0.0649,6.398,0.78
2025-present,Compliance,Cybersecurity,18,18,5,1286,0.1613,19.846,0.25
2025-present,Computer Vision,Machine Learning,17,37,5,1286,0.102,10.223,0.49
2025-present,Consumer,Fintech,50,50,5,1286,0.0526,2.572,1.94
2025-present,Consumer,Marketplace,50,14,5,1286,0.0847,9.186,0.54
2025-present,Consumer,Productivity,50,27,5,1286,0.0694,4.763,1.05
2025-present,Data Engineering,Reinforcement Learning,19,34,5,1286,0.1042,9.954,0.5
2025-present,Defense,Hardware,15,54,5,1286,0.0781,7.938,0.63
2025-present,Design,Developer Tools,12,115,5,1286,0.041,4.659,1.07
2025-present,Developer Tools,Security,115,16,5,1286,0.0397,3.495,1.43
2025-present,Education,SaaS,15,105,5,1286,0.0435,4.083,1.22
2025-present,Enterprise,SaaS,19,105,5,1286,0.042,3.223,1.55
2025-present,Enterprise Software,Productivity,46,27,5,1286,0.0735,5.177,0.97
2025-present,Fintech,Insurance,50,19,5,1286,0.0781,6.768,0.74
2025-present,Hard Tech,Semiconductors,53,12,5,1286,0.0833,10.11,0.49
2025-present,Health & Wellness,Health Tech,12,22,5,1286,0.1724,24.356,0.21
2025-present,Infrastructure,Machine Learning,67,37,5,1286,0.0505,2.594,1.93
2025-present,Infrastructure,Reinforcement Learning,67,34,5,1286,0.0521,2.823,1.77
2025-present,Legal,LegalTech,13,12,5,1286,0.25,41.218,0.12
2025-present,Machine Learning,Reinforcement Learning,37,34,5,1286,0.0758,5.111,0.98
2025-present,Marketing,Sales,20,23,5,1286,0.1316,13.978,0.36
