batch,total_companies,unique_industries,unique_subindustries,unique_tags,tag_assignments,mean_tags_per_company,industry_entropy,industry_entropy_normalised,tag_entropy,tag_entropy_normalised,industry_hhi,tag_hhi,top5_industry_share_pct,top10_tag_share_pct_of_companies,top10_tag_share_pct_of_assignments,rarefied_unique_tags,batch_order,is_partial_batch
Summer 2005,9,3,8,5,5,0.556,0.9369,0.8528,1.6094,1.0,0.4321,0.2,100.0,55.56,100.0,,20052,True
Winter 2006,7,2,6,3,3,0.429,0.6829,0.9852,1.0986,1.0,0.5102,0.33333,100.0,42.86,100.0,,20060,True
Summer 2006,10,2,6,11,11,1.1,0.5004,0.7219,2.3979,1.0,0.68,0.09091,100.0,100.0,90.91,,20062,True
Winter 2007,13,4,8,12,14,1.077,1.157,0.8346,2.441,0.9823,0.3728,0.09184,100.0,92.31,85.71,,20070,True
Summer 2007,19,2,8,6,6,0.316,0.6581,0.9495,1.7918,1.0,0.5346,0.16667,100.0,31.58,100.0,,20072,True
Winter 2008,21,3,9,9,11,0.524,0.8324,0.7577,2.1458,0.9766,0.4739,0.12397,100.0,52.38,100.0,,20080,True
Summer 2008,22,2,12,12,14,0.636,0.6555,0.9457,2.441,0.9823,0.5372,0.09184,100.0,54.55,85.71,,20082,True
Winter 2009,16,3,9,8,8,0.5,0.9471,0.862,2.0794,1.0,0.4297,0.125,100.0,50.0,100.0,,20090,True
Summer 2009,26,5,18,26,31,1.192,1.244,0.7729,3.1657,0.9716,0.3462,0.04891,100.0,57.69,48.39,,20092,True
Winter 2010,27,3,13,11,16,0.593,0.7796,0.7096,2.274,0.9483,0.5089,0.11719,100.0,55.56,93.75,,20100,True
Summer 2010,36,5,16,36,48,1.333,1.0805,0.6713,3.4739,0.9694,0.3997,0.03559,100.0,61.11,45.83,,20102,True
Winter 2011,45,6,22,47,75,1.667,1.2482,0.6966,3.5974,0.9344,0.3669,0.03822,97.78,80.0,48.0,,20110,True
Summer 2011,60,6,22,54,98,1.633,1.3012,0.7262,3.6985,0.9272,0.3506,0.0354,96.67,76.67,46.94,,20112,False
Winter 2012,66,7,29,67,125,1.894,1.4111,0.7252,4.014,0.9547,0.3196,0.02182,93.94,66.67,35.2,,20120,False
Summer 2012,83,6,30,83,145,1.747,1.1947,0.6667,4.146,0.9383,0.3816,0.02212,98.8,65.06,37.24,,20122,False
Winter 2013,46,5,23,55,89,1.935,1.1672,0.7252,3.7963,0.9473,0.3828,0.02866,100.0,82.61,42.7,,20130,True
Summer 2013,52,6,23,53,81,1.558,1.3011,0.7262,3.7974,0.9564,0.3469,0.02759,98.08,63.46,40.74,,20132,False
Winter 2014,74,8,30,82,144,1.946,1.4807,0.7121,4.1144,0.9337,0.3218,0.02421,91.89,72.97,37.5,,20140,False
Summer 2014,78,8,38,89,156,2.0,1.6158,0.777,4.2509,0.947,0.2387,0.01866,96.15,65.38,32.69,,20142,False
Winter 2015,110,8,39,111,240,2.182,1.6731,0.8046,4.4376,0.9423,0.242,0.01583,90.91,63.64,29.17,,20150,False
Summer 2015,104,8,46,90,202,1.942,1.6647,0.8006,4.0891,0.9087,0.2432,0.02823,92.31,77.88,40.1,,20152,False
Winter 2016,122,9,45,120,252,2.066,1.6611,0.756,4.4439,0.9282,0.2534,0.01786,92.62,64.75,31.35,,20160,False
Summer 2016,102,9,45,113,217,2.127,1.7538,0.7982,4.3893,0.9285,0.2203,0.0182,89.22,72.55,34.1,,20162,False
Winter 2017,116,9,49,121,271,2.336,1.7824,0.8112,4.438,0.9254,0.2093,0.01782,90.52,77.59,33.21,,20170,False
Summer 2017,125,8,50,121,283,2.264,1.8789,0.9036,4.4156,0.9207,0.174,0.01804,87.2,74.4,32.86,,20172,False
Winter 2018,146,8,48,130,338,2.315,1.618,0.7781,4.4129,0.9066,0.2462,0.01912,93.84,80.14,34.62,,20180,False
Summer 2018,131,8,44,134,314,2.397,1.6501,0.7935,4.5054,0.9199,0.2343,0.01773,93.89,78.63,32.8,,20182,False
Winter 2019,194,8,51,170,485,2.5,1.6508,0.7939,4.549,0.8857,0.2482,0.01986,92.78,88.66,35.46,147.42,20190,False
Summer 2019,176,8,50,145,438,2.489,1.7116,0.8231,4.4348,0.8911,0.23,0.02117,89.77,90.91,36.53,134.09,20192,False
Winter 2020,228,7,52,149,579,2.539,1.5957,0.82,4.2368,0.8467,0.2608,0.03006,93.86,114.47,45.08,121.72,20200,False
Summer 2020,209,8,48,143,583,2.789,1.4763,0.71,4.1295,0.8321,0.3185,0.0371,94.26,129.19,46.31,122.34,20202,False
Winter 2021,336,8,52,187,954,2.839,1.5431,0.7421,4.3875,0.8387,0.2904,0.02863,94.05,118.75,41.82,134.99,20210,False
Summer 2021,391,8,51,192,1150,2.941,1.5489,0.7448,4.2785,0.8138,0.2815,0.03257,93.86,132.99,45.22,127.66,20212,False
Winter 2022,398,8,54,193,1312,3.296,1.544,0.7425,4.3402,0.8247,0.28,0.02754,94.22,141.71,42.99,132.19,20220,False
Summer 2022,234,7,46,155,836,3.573,1.4253,0.7325,4.1453,0.8219,0.3256,0.03405,95.73,168.38,47.13,130.54,20222,False
Winter 2023,274,8,43,147,952,3.474,1.1383,0.5474,4.0121,0.804,0.4783,0.03767,97.08,178.83,51.47,116.55,20230,False
Summer 2023,220,7,40,143,757,3.441,1.0942,0.5623,4.1138,0.8289,0.5022,0.03331,95.91,163.18,47.42,123.06,20232,False
Winter 2024,248,8,42,155,787,3.173,1.2377,0.5952,4.1188,0.8167,0.4293,0.03788,97.18,151.61,47.78,124.97,20240,False
Summer 2024,248,8,45,149,837,3.375,1.2333,0.5931,4.0992,0.8192,0.4437,0.03633,96.37,160.89,47.67,121.52,20242,False
Fall 2024,94,8,31,91,273,2.904,1.3417,0.6452,3.8285,0.8487,0.3995,0.04239,93.62,150.0,51.65,,20243,False
Winter 2025,166,8,39,122,475,2.861,1.3173,0.6335,4.0677,0.8467,0.4198,0.03486,93.37,133.13,46.53,116.42,20250,False
Spring 2025,143,8,33,97,376,2.629,1.168,0.5617,3.8542,0.8425,0.4825,0.04129,95.8,132.17,50.27,,20251,False
Summer 2025,166,8,36,107,405,2.44,1.1857,0.5702,3.8289,0.8194,0.4765,0.04763,95.78,128.92,52.84,102.04,20252,False
Fall 2025,146,7,34,115,433,2.966,1.3052,0.6707,4.0953,0.8631,0.4044,0.03489,95.21,130.14,43.88,,20253,False
Winter 2026,199,6,37,63,161,0.809,1.1778,0.6573,3.6519,0.8814,0.4372,0.0444,98.49,41.21,50.93,53.66,20260,False
Spring 2026,195,7,44,69,161,0.826,1.3172,0.6769,3.795,0.8963,0.3823,0.03538,97.44,40.51,49.07,58.86,20261,False
Summer 2026,235,8,40,145,820,3.489,1.3816,0.6644,4.1398,0.8318,0.3419,0.03308,96.17,157.02,45.0,122.31,20262,False
Fall 2026,35,5,16,42,92,2.629,1.2695,0.7888,3.3621,0.8995,0.3453,0.05175,100.0,151.43,57.61,,20263,True
Winter 2027,1,1,1,3,3,3.0,-0.0,0.0,1.0986,1.0,1.0,0.33333,100.0,300.0,100.0,,20270,True
