title,n_editions,first_edition,last_edition,first_seen,last_seen
A.I.,9,March 2014,undated version first captured 2022-07-01,20140701175550,20240204003328
Education,9,March 2014,undated version first captured 2022-07-01,20140701175550,20240204003328
Energy,9,March 2014,undated version first captured 2022-07-01,20140701175550,20240204003328
Healthcare,9,March 2014,undated version first captured 2022-07-01,20140701175550,20240204003328
One Million Jobs,8,July 2014,undated version first captured 2022-07-01,20140802045600,20240204003328
Diversity,7,September 2014,undated version first captured 2022-07-01,20141003045747,20240204003328
Enterprise Software,7,September 2014,undated version first captured 2022-07-01,20141003045747,20240204003328
Financial Services,7,September 2014,undated version first captured 2022-07-01,20141003045747,20240204003328
VR and AR,7,September 2014,undated version first captured 2022-07-01,20141003045747,20240204003328
Robotics,6,March 2014,March 2018,20140701175550,20200401232808
Transportation & Housing,6,March 2014,March 2018,20140701175550,20200401232808
Biotech,5,March 2014,September 2016,20140701175550,20180305063455
Underserved Communities and Social Services,5,September 2016,undated version first captured 2022-07-01,20161003082811,20240204003328
Future of Work:,5,September 2016,undated version first captured 2022-07-01,20170316103204,20240204003328
Internet Infrastructure,4,March 2014,August 2015,20140701175550,20160902230944
Science,4,March 2014,August 2015,20140701175550,20160902230944
Programming Tools,4,September 2014,March 2018,20141003045747,20200401232808
Bio,4,March 2018,undated version first captured 2022-07-01,20180401145637,20240204003328
Brick and Mortar 2.0,4,March 2018,undated version first captured 2022-07-01,20180401145637,20240204003328
Carbon Removal Technologies,4,March 2018,undated version first captured 2022-07-01,20180401145637,20240204003328
Cellular Agriculture and Clean Meat,4,March 2018,undated version first captured 2022-07-01,20180401145637,20240204003328
Improving Memory,4,March 2018,undated version first captured 2022-07-01,20180401145637,20240204003328
Longevity and Anti-aging,4,March 2018,undated version first captured 2022-07-01,20180401145637,20240204003328
Supporting Creators,4,March 2018,undated version first captured 2022-07-01,20180401145637,20240204003328
Government 2.0,4,March 2018,undated version first captured 2022-07-01,20190609211657,20240204003328
Food & Water,3,March 2014,September 2014,20140701175550,20150809071536
Hollywood 2.0,3,September 2014,September 2016,20141003045747,20180305063455
Human Augmentation,3,September 2014,September 2016,20141003045747,20180305063455
Pharmaceuticals,3,September 2014,September 2016,20141003045747,20180305063455
Computer Security,3,August 2015,March 2018,20150901100100,20200401232808
Response to COVID-19,3,March 2018,undated version first captured 2022-03-02,20200401232808,20220601030654
Transportation and Housing,3,April 2020,undated version first captured 2022-07-01,20200508115524,20240204003328
Levers,2,March 2014,July 2014,20140701175550,20140903221245
Global Health Non-profits,2,August 2015,September 2016,20150901100100,20180305063455
New space companies,2,Summer 2024,Winter 2025,20240302111333,20250102172352
Developing Countries,1,September 2014,September 2014,20141003045747,20150809071536
Government,1,September 2014,September 2014,20141003045747,20150809071536
Telecommunications,1,September 2014,September 2014,20141003045747,20150809071536
Global Infrastructure,1,August 2015,August 2015,20150901100100,20160902230944
Nanotech,1,August 2015,August 2015,20150901100100,20160902230944
Underserved Communities,1,August 2015,August 2015,20150901100100,20160902230944
Cities of the Future,1,August 2015,August 2015,20160304012107,20160902230944
Food and Farming:,1,September 2016,September 2016,20161003082811,20180305063455
Mass Media:,1,September 2016,September 2016,20161003082811,20180305063455
Improving Democracy:,1,September 2016,September 2016,20170316103204,20180305063455
News:,1,September 2016,September 2016,20170316103204,20180305063455
Water:,1,September 2016,September 2016,20170316103204,20180305063455
Cleaner Commodities,1,March 2018,March 2018,20180401145637,20200401232808
Safeguards Against Fake Video,1,March 2018,March 2018,20180401145637,20200401232808
Voice Apps,1,March 2018,March 2018,20180401145637,20200401232808
A way to end cancer,1,Summer 2024,Summer 2024,20240302111333,20250102172352
AI to build enterprise software,1,Summer 2024,Summer 2024,20240302111333,20250102172352
Applying machine learning to robotics,1,Summer 2024,Summer 2024,20240302111333,20250102172352
Better enterprise glue,1,Summer 2024,Summer 2024,20240302111333,20250102172352
Bring manufacturing back to America,1,Summer 2024,Summer 2024,20240302111333,20250102172352
Climate tech,1,Summer 2024,Summer 2024,20240302111333,20250102172352
Commercial open source companies,1,Summer 2024,Summer 2024,20240302111333,20250102172352
Developer tools inspired by existing internal tools,1,Summer 2024,Summer 2024,20240302111333,20250102172352
Eliminating middlemen in healthcare,1,Summer 2024,Summer 2024,20240302111333,20250102172352
Explainable AI,1,Summer 2024,Summer 2024,20240302111333,20250102172352
Foundation models for biological systems,1,Summer 2024,Summer 2024,20240302111333,20250102172352
LLMs for manual back office processes in legacy enterprises,1,Summer 2024,Summer 2024,20240302111333,20250102172352
New Enterprise Resource Planning software,1,Summer 2024,Summer 2024,20240302111333,20250102172352
New defense technology,1,Summer 2024,Summer 2024,20240302111333,20250102172352
Small fine-tuned models as an alternative to giant generic ones,1,Summer 2024,Summer 2024,20240302111333,20250102172352
Spatial computing,1,Summer 2024,Summer 2024,20240302111333,20250102172352
Stablecoin finance,1,Summer 2024,Summer 2024,20240302111333,20250102172352
The Managed Service Organization model for healthcare,1,Summer 2024,Summer 2024,20240302111333,20250102172352
Using machine learning to simulate the physical world,1,Summer 2024,Summer 2024,20240302111333,20250102172352
AI-aided engineering tools,1,Winter 2025,Winter 2025,20250102172352,20250102172352
Fintech 2.0,1,Winter 2025,Winter 2025,20250102172352,20250102172352
Government software,1,Winter 2025,Winter 2025,20250102172352,20250102172352
LLMs for chip design,1,Winter 2025,Winter 2025,20250102172352,20250102172352
Manufacture in the USA,1,Winter 2025,Winter 2025,20250102172352,20250102172352
One million jobs 2.0,1,Winter 2025,Winter 2025,20250102172352,20250102172352
Public safety technology,1,Winter 2025,Winter 2025,20250102172352,20250102172352
Stablecoins 2.0,1,Winter 2025,Winter 2025,20250102172352,20250102172352
A Secure AI App Store,1,Spring 2025,Spring 2025,20250202012604,20250501031358
AI Coding Agents for Hardware-Optimized Code,1,Spring 2025,Spring 2025,20250202012604,20250501031358
AI Commercial Open Source Software (AICOSS),1,Spring 2025,Spring 2025,20250202012604,20250501031358
AI Personal Staff for Everyone,1,Spring 2025,Spring 2025,20250202012604,20250501031358
B2A: Software Where the Customers Will All Be Agents,1,Spring 2025,Spring 2025,20250202012604,20250501031358
Browser & Computer Automation,1,Spring 2025,Spring 2025,20250202012604,20250501031358
Compliance and Audit,1,Spring 2025,Spring 2025,20250202012604,20250501031358
Datacenters,1,Spring 2025,Spring 2025,20250202012604,20250501031358
Devtools for AI Agents,1,Spring 2025,Spring 2025,20250202012604,20250501031358
DocuSign 2.0,1,Spring 2025,Spring 2025,20250202012604,20250401135839
Inference AI Infrastructure in the World of Test-Time Compute,1,Spring 2025,Spring 2025,20250202012604,20250501031358
Startup Founders with Systems Programming Expertise,1,Spring 2025,Spring 2025,20250202012604,20250401135839
The Future of Software Engineering,1,Spring 2025,Spring 2025,20250202012604,20250501031358
Vertical AI Agents,1,Spring 2025,Spring 2025,20250202012604,20250501031358
AI Personal Assistant,1,Summer 2025,Summer 2025,20250601125436,20250704000742
AI Personal Tutor for Everyone,1,Summer 2025,Summer 2025,20250601125436,20250704000742
AI Research Labs,1,Summer 2025,Summer 2025,20250601125436,20250704000742
AI Residential Security,1,Summer 2025,Summer 2025,20250601125436,20250704000742
AI Voice Assistants for Email,1,Summer 2025,Summer 2025,20250601125436,20250704000742
AI for Personal Finance,1,Summer 2025,Summer 2025,20250601125436,20250704000742
AI for Scientific Advancement,1,Summer 2025,Summer 2025,20250601125436,20250704000742
Full-stack AI Companies,1,Summer 2025,Summer 2025,20250601125436,20250704000742
Healthcare AI,1,Summer 2025,Summer 2025,20250601125436,20250704000742
Internal Agent Builder,1,Summer 2025,Summer 2025,20250601125436,20250704000742
More Design Founders,1,Summer 2025,Summer 2025,20250601125436,20250704000742
Software Tools To Make Robots,1,Summer 2025,Summer 2025,20250601125436,20250704000742
The Future of Education,1,Summer 2025,Summer 2025,20250601125436,20250704000742
Voice AI,1,Summer 2025,Summer 2025,20250601125436,20250704000742
AI Native Enterprise Software,1,Fall 2025,Fall 2025,20250801091449,20260101122607
Infrastructure for Multi-Agent Systems,1,Fall 2025,Fall 2025,20250801091449,20260101122607
Retraining Workers for the AI Economy,1,Fall 2025,Fall 2025,20250801091449,20260101122607
"The First 10-person, $100B Company",1,Fall 2025,Fall 2025,20250801091449,20260101122607
Using LLMs Instead of Government Consulting,1,Fall 2025,Fall 2025,20250801091449,20260101122607
Video Generation as a Primitive,1,Fall 2025,Fall 2025,20250801091449,20260101122607
AI Guidance for Physical Work,1,Spring 2026,Spring 2026,20260203133656,20260402165521
AI for Government,1,Spring 2026,Spring 2026,20260203133656,20260402165521
AI-Native Agencies,1,Spring 2026,Spring 2026,20260203133656,20260402165521
AI-Native Hedge Funds,1,Spring 2026,Spring 2026,20260203133656,20260402165521
Cursor for Product Managers,1,Spring 2026,Spring 2026,20260203133656,20260402165521
Modern Metal Mills,1,Spring 2026,Spring 2026,20260203133656,20260402165521
Stablecoin Financial Services,1,Spring 2026,Spring 2026,20260203133656,20260402165521
Infra for Government Fraud Hunters,1,Spring 2026,Spring 2026,20260306120144,20260402165521
Large Spatial Models,1,Spring 2026,Spring 2026,20260306120144,20260402165521
Make LLMs Easy to Train,1,Spring 2026,Spring 2026,20260306120144,20260402165521
AI Personalized Medicine,1,Summer 2026,Summer 2026,20260501000432,20260708135218
AI for Low-Pesticide Agriculture,1,Summer 2026,Summer 2026,20260501000432,20260708135218
AI-Native Discovery Engines,1,Summer 2026,Summer 2026,20260501000432,20260708135218
AI-Native Service Companies,1,Summer 2026,Summer 2026,20260501000432,20260708135218
Company Brain,1,Summer 2026,Summer 2026,20260501000432,20260708135218
Counter-Swarm Defense,1,Summer 2026,Summer 2026,20260501000432,20260708135218
Dynamic Software Interfaces,1,Summer 2026,Summer 2026,20260501000432,20260708135218
Electronics in Space,1,Summer 2026,Summer 2026,20260501000432,20260708135218
Hardware Supply Chain,1,Summer 2026,Summer 2026,20260501000432,20260708135218
Industrial Capabilities in Space,1,Summer 2026,Summer 2026,20260501000432,20260708135218
Inference Chips for Agent Workflows,1,Summer 2026,Summer 2026,20260501000432,20260708135218
SaaS Challengers,1,Summer 2026,Summer 2026,20260501000432,20260708135218
Software for Agents,1,Summer 2026,Summer 2026,20260501000432,20260708135218
Startups That Want to Sell to Huge Companies,1,Summer 2026,Summer 2026,20260501000432,20260708135218
Supply Chain 2.0 for Semiconductors,1,Summer 2026,Summer 2026,20260501000432,20260708135218
The AI Operating System for Companies,1,Summer 2026,Summer 2026,20260501000432,20260708135218
A Cloud for Small Software,1,Fall 2026,Fall 2026,20260807171507,20260906000000
AI for the Aging Population,1,Fall 2026,Fall 2026,20260807171507,20260906000000
AI-Native Compliance Infrastructure,1,Fall 2026,Fall 2026,20260807171507,20260906000000
AI-Powered Consumer Products for 1 Billion People,1,Fall 2026,Fall 2026,20260807171507,20260906000000
Compute at Sea,1,Fall 2026,Fall 2026,20260807171507,20260906000000
Data for the Real World,1,Fall 2026,Fall 2026,20260807171507,20260906000000
Multiplayer AI,1,Fall 2026,Fall 2026,20260807171507,20260906000000
New Operating Systems for the Physical World,1,Fall 2026,Fall 2026,20260807171507,20260906000000
Proving You're Human,1,Fall 2026,Fall 2026,20260807171507,20260906000000
Self-Maintaining APIs,1,Fall 2026,Fall 2026,20260807171507,20260906000000
The Best Time to Build in Crypto,1,Fall 2026,Fall 2026,20260807171507,20260906000000
The Future of American Defense,1,Fall 2026,Fall 2026,20260807171507,20260906000000
The Primer,1,Fall 2026,Fall 2026,20260807171507,20260906000000
